Date,^FTMC
2008-12-11,0.008899683823187524
2008-12-12,-0.023597538432487526
2008-12-15,0.00515434334092213
2008-12-16,0.0074181771316965284
2008-12-17,0.009013676393928926
2008-12-18,0.013213503283632333
2008-12-19,-0.01680287520959935
2008-12-22,-0.008564694068044977
2008-12-23,0.009041899554369695
2008-12-24,0.004395425517790941
2008-12-29,0.005494912650877679
2008-12-30,0.015716878282844963
2008-12-31,-0.014096328868283997
2009-01-02,0.041012560268579225
2009-01-05,0.017648748079195174
2009-01-06,0.01964212277420907
2009-01-07,-0.017110252552545033
2009-01-08,-0.010405457408893388
2009-01-09,-0.0057544483298797595
2009-01-12,0.004812653745348054
2009-01-13,-0.020963066905642758
2009-01-14,-0.02845845079724681
2009-01-15,-0.025238851638446774
2009-01-16,0.0071620586696521426
2009-01-19,-0.005471305076589607
2009-01-20,-0.011879453122470835
2009-01-21,0.0028288862927296067
2009-01-22,0.0012331216327439915
2009-01-23,-0.012892664832054179
2009-01-26,0.027236941039914017
2009-01-27,0.00038353027087710924
2009-01-28,0.02605327897361497
2009-01-29,-0.02381885519830976
2009-01-30,-0.003481532995669809
2009-02-02,-0.03225455285085779
2009-02-03,0.012870343824876911
2009-02-04,0.03067873155453852
2009-02-05,0.010918127905726488
2009-02-06,0.026327670745088644
2009-02-09,0.014824722329835274
2009-02-10,-0.024934018225315133
2009-02-11,9.230439892636799e-05
2009-02-12,0.0008616728668536276
2009-02-13,0.003761047757211468
2009-02-16,-0.00993209753306092
2009-02-17,-0.03083303196306566
2009-02-18,-0.0031811385376760096
2009-02-19,-0.004476993124103209
2009-02-20,-0.034207184574732284
2009-02-23,-0.01500686321974505
2009-02-24,-0.002283279855728929
2009-02-25,0.022833330553565085
2009-02-26,0.01341457061158385
2009-02-27,-0.012273270184742632
2009-03-02,-0.03167459260908855
2009-03-03,-0.0016735785933793407
2009-03-04,0.039018842657648226
2009-03-05,-0.024645782109333273
2009-03-06,-0.01764298414145641
2009-03-09,-0.010654037971199406
2009-03-10,0.0315602001982165
2009-03-11,0.01200204544034994
2009-03-12,0.005807123797444716
2009-03-13,0.016475785909419574
2009-03-16,0.017341629872517948
2009-03-17,-0.009373491665516143
2009-03-18,-0.003240960530263578
2009-03-19,0.011226042058998275
2009-03-20,0.0017232818509943528
2009-03-23,0.018763033789752803
2009-03-24,0.0019382727267208079
2009-03-25,-0.005088193009782708
2009-03-26,0.0017250576419056377
2009-03-27,-0.004806206622757725
2009-03-30,-0.02023005063178759
2009-03-31,0.023750556965725176
2009-04-01,0.025878547163759757
2009-04-02,0.0411974161291091
2009-04-03,0.016023875350711893
2009-04-06,-0.00589359927385306
2009-04-07,-0.024329596649985328
2009-04-08,-0.00023813812290740644
2009-04-09,0.03804128082674798
2009-04-14,0.024528731755170338
2009-04-15,-0.00600219066167247
2009-04-16,0.0161016865884346
2009-04-17,0.011409088576142886
2009-04-20,-0.04063556361877518
2009-04-21,-0.004198862299364523
2009-04-22,0.024415793393719742
2009-04-23,0.0029982939171861746
2009-04-24,0.025882267399488987
2009-04-27,-0.012273429853218923
2009-04-28,-0.017277720040895894
2009-04-29,0.027948764287467925
2009-04-30,0.022974074185402614
2009-05-01,0.005602526556137732
2009-05-05,0.034465805429107016
2009-05-06,0.0043799905297490106
2009-05-07,-0.011101693736417622
2009-05-08,0.002809455120752938
2009-05-11,-0.02540259468915152
2009-05-12,0.0017723169041994698
2009-05-13,-0.03370749528614408
2009-05-14,0.007783770296043024
2009-05-15,0.005918818291547982
2009-05-18,0.013781432818886502
2009-05-19,0.015934936789981483
2009-05-20,0.004626693292427678
2009-05-21,-0.029071217559801167
2009-05-22,0.003866125600865855
2009-05-26,-0.0015260594143676693
2009-05-27,0.00768620174700048
2009-05-28,-0.009241220961400674
2009-05-29,0.0071172107496743926
2009-06-01,0.02434468478748657
2009-06-02,0.0017384925638093296
2009-06-03,-0.010853699396405143
2009-06-04,-0.003661660055702298
2009-06-05,0.011319319110937108
2009-06-08,-0.007696718760476334
2009-06-09,0.0004941992017953048
2009-06-10,0.0049670118008096195
2009-06-11,0.0031515490032738864
2009-06-12,-0.008157602735408408
2009-06-15,-0.026066830764282393
2009-06-16,-0.0013220054244193354
2009-06-17,-0.02359381215071019
2009-06-18,-0.00926414809255568
2009-06-19,0.012705935119529986
2009-06-22,-0.021987088084050015
2009-06-23,0.0025334714145107255
2009-06-24,0.017624927010462848
2009-06-25,0.0030550483781436972
2009-06-26,0.005838600273386849
2009-06-29,0.012231509929901596
2009-06-30,-0.008407373878157357
2009-07-01,0.012344938510323367
2009-07-02,-0.01783568129732708
2009-07-03,0.0004067520902123965
2009-07-06,-0.007702093953463939
2009-07-07,-0.0002595690068367961
2009-07-08,-0.016768933297803167
2009-07-09,0.005155677885844784
2009-07-10,-0.006880138385555807
2009-07-13,0.013053991479536734
2009-07-14,0.01801290288699786
2009-07-15,0.021517936909678608
2009-07-16,-0.0024063512707456405
2009-07-17,0.0035150942900233776
2009-07-20,-1.3204362992299187e-05
2009-07-21,0.021145196042709202
2009-07-22,0.00662948862650533
2009-07-23,0.011874167295854582
2009-07-24,0.00647051427422168
2009-07-27,-0.007777318261863276
2009-07-28,-0.01867029791313181
2009-07-29,0.0040532270634924
2009-07-30,0.021915613232955933
2009-07-31,0.008208586242242664
2009-08-03,0.019582038668358403
2009-08-04,0.010280115615554593
2009-08-05,0.0028590705461683102
2009-08-06,0.013398664156155057
2009-08-07,0.00522652899023133
2009-08-10,-5.937360844848795e-05
2009-08-11,-0.014147799415474985
2009-08-12,0.005908318026940548
2009-08-13,0.01565759376107578
2009-08-14,0.0037765401954247724
2009-08-17,-0.028793131807515932
2009-08-18,0.009670209043755597
2009-08-19,0.0018893869669192986
2009-08-20,0.019063817616005972
2009-08-21,0.017129727327541717
2009-08-24,0.01748696347321768
2009-08-25,0.0032668207164496805
2009-08-26,-0.008796203776755315
2009-08-27,-0.009368410836750865
2009-08-28,0.013265965789380708
2009-09-01,-0.02268807918347099
2009-09-02,-0.011645654412914928
2009-09-03,0.009915514862637125
2009-09-04,0.01626489939651791
2009-09-07,0.021558949857457228
2009-09-08,0.010995092433910256
2009-09-09,0.011203899634183551
2009-09-10,-0.001248375458840387
2009-09-11,0.00896722340423689
2009-09-14,-0.009252237869071625
2009-09-15,0.004494994403708131
2009-09-16,0.015268794476936484
2009-09-17,0.006309782380038514
2009-09-18,-0.0061270845368392715
2009-09-21,-0.009305124739125
2009-09-22,0.0030320444474447664
2009-09-23,-0.0034334172133515185
2009-09-24,-0.01354471826775144
2009-09-25,-0.003591574439662189
2009-09-28,0.011958583672053777
2009-09-29,0.005025761870296542
2009-09-30,-0.00798568426247718
2009-10-01,-0.00856837398346082
2009-10-02,-0.01829232286243185
2009-10-05,0.009226963267442507
2009-10-06,0.02405569155304057
2009-10-07,0.002735050708761979
2009-10-08,0.015806950031033943
2009-10-09,0.00041592197390983546
2009-10-12,0.008791058268309787
2009-10-13,-0.0075654438168339415
2009-10-14,0.01611225532634514
2009-10-15,-0.005897014368997281
2009-10-16,-0.006239642776576757
2009-10-19,0.012691962337488897
2009-10-20,-0.006336397322161218
2009-10-21,-0.006907391853327088
2009-10-22,-0.010896602168190819
2009-10-23,0.0005149286733285946
2009-10-26,-0.014868137119738877
2009-10-27,-0.004888843518335747
2009-10-28,-0.032441625684922544
2009-10-29,0.01267713159856985
2009-10-30,-0.008583616881989864
2009-11-02,0.0036060617029964395
2009-11-03,-0.018241392718279768
2009-11-04,0.02660509149671805
2009-11-05,0.003064486847219961
2009-11-06,0.006882804449502981
2009-11-09,0.013114483633678328
2009-11-10,-0.008906563179066046
2009-11-11,0.011511127086876833
2009-11-12,0.007482910473035501
2009-11-13,0.008334431652985475
2009-11-16,0.015833490473608453
2009-11-17,-0.012904045406618296
2009-11-18,0.0031753359382514917
2009-11-19,-0.020806323600435623
2009-11-20,-0.007530887421909326
2009-11-23,0.01111863847411333
2009-11-24,-0.009636188551169505
2009-11-25,-0.0011334341476051488
2009-11-26,-0.03216664044391026
2009-11-27,0.016860604865230736
2009-11-30,-0.012601864485087272
2009-12-01,0.024007491811273637
2009-12-02,0.003704135151102314
2009-12-03,0.0007413332466217182
2009-12-04,0.002199044586549745
2009-12-07,-0.0024715375228452673
2009-12-08,-0.01554540789069445
2009-12-09,-0.012511770278210137
2009-12-10,0.0043740299659967225
2009-12-11,0.004688452613981581
2009-12-14,0.004113386554899386
2009-12-15,-0.0012067086934466024
2009-12-16,0.01260453768361598
2009-12-17,-0.009231443054476806
2009-12-18,-0.0064576173509890075
2009-12-21,0.011127884867155394
2009-12-22,0.005348405622706209
2009-12-23,0.004993826138882376
2009-12-24,0.00191233640092827
2009-12-29,0.011376679786871057
2009-12-30,-0.001106153969268075
2009-12-31,-2.140525948287326e-05
2010-01-04,0.02159824815781057
2010-01-05,0.004929942216757558
2010-01-06,0.003384457001627112
2010-01-07,0.00425605248027321
2010-01-08,0.006076699643213374
2010-01-11,0.003842376157392871
2010-01-12,-0.01271626281086411
2010-01-13,-0.0035466578667787754
2010-01-14,-0.0001567602877149313
2010-01-15,-0.0031193883186601077
2010-01-18,0.0035477674307192388
2010-01-19,-0.0017460957252944396
2010-01-20,-0.008734751276982304
2010-01-21,-0.005738401063456379
2010-01-22,-0.009912894288951332
2010-01-25,-0.0034482866945310204
2010-01-26,-2.1437506726296745e-05
2010-01-27,-0.005135416604434941
2010-01-28,-0.0034129541790509396
2010-01-29,0.002547275035566856
2010-02-01,0.008064973798450491
2010-02-02,0.017954092476330865
2010-02-03,-0.006667185365228629
2010-02-04,-0.02081441593639667
2010-02-05,-0.020581504058511703
2010-02-08,-0.0028260658270884763
2010-02-09,0.001064824970502076
2010-02-10,0.004899265525993725
2010-02-11,0.006992100391490219
2010-02-12,-0.008239505498712925
2010-02-15,0.0022067756941885515
2010-02-16,0.011321081804997465
2010-02-17,0.016600286563790815
2010-02-18,0.005920276063860231
2010-02-19,0.004899974777467824
2010-02-22,0.0010914799784103695
2010-02-23,-0.005714401730599655
2010-02-24,-0.003061830025660744
2010-02-25,-0.0142366645053668
2010-02-26,0.012654102077523427
2010-03-01,0.014385923203036957
2010-03-02,0.012464494590314776
2010-03-03,0.0014054523158941476
2010-03-04,0.005508986504263522
2010-03-05,0.011255303039388218
2010-03-08,0.0011962718208426283
2010-03-09,-0.0011962718208426166
2010-03-10,0.009226094911768208
2010-03-11,-0.0011054341662862285
2010-03-12,0.008809838627387562
2010-03-15,-0.006316642155345055
2010-03-16,0.0051491859947443265
2010-03-17,0.007874253891542426
2010-03-18,-0.0004297076068395417
2010-03-19,0.0015580915432346779
2010-03-22,-0.0027883120240620833
2010-03-23,0.0038157292076419222
2010-03-24,0.00507181185658256
2010-03-25,0.010832858624269727
2010-03-26,0.003203531481540164
2010-03-29,-0.0013800756500383941
2010-03-30,-0.0022946519191323496
2010-03-31,-0.002044066995735842
2010-04-01,0.014085859781548525
2010-04-06,0.012003904352568519
2010-04-07,-0.0013331088796924339
2010-04-08,-0.003903888699796415
2010-04-09,0.00804117076559277
2010-04-12,0.0017665234499675351
2010-04-13,-0.006018899210405958
2010-04-14,0.00733458247559626
2010-04-15,0.004145572934832925
2010-04-16,-0.008710246199167819
2010-04-19,-0.00546095053276544
2010-04-20,0.009263108958040885
2010-04-21,-0.001755937830354012
2010-04-22,-0.0032146315857340332
2010-04-23,0.015772500294153013
2010-04-26,0.00832254244886386
2010-04-27,-0.020794504362744097
2010-04-28,-0.01647673548292322
2010-04-29,0.009085699462619841
2010-04-30,-0.002601282838769785
2010-05-04,-0.020919554276932897
2010-05-05,-0.016818215593434244
2010-05-06,-0.0079859829440423
2010-05-07,-0.0423686224691011
2010-05-10,0.05262611382501236
2010-05-11,-0.002792498327957204
2010-05-12,0.020830159491795803
2010-05-13,0.00968112787986915
2010-05-14,-0.025911233439294534
2010-05-17,-0.009110646267509752
2010-05-18,0.0061430135878014465
2010-05-19,-0.03281456651663376
2010-05-20,-0.02481257199215776
2010-05-21,0.0014089439845667731
2010-05-24,0.0032443917333114473
2010-05-25,-0.03088039005528484
2010-05-26,0.021882124231139426
2010-05-27,0.026745250591522496
2010-05-28,-0.001057870255093973
2010-06-01,-0.0016200152766148834
2010-06-02,0.004034917991858133
2010-06-03,0.014469751416925629
2010-06-04,-0.020752124643863133
2010-06-07,-0.012811031038669292
2010-06-08,-0.012902445379387052
2010-06-09,0.013904296230056071
2010-06-10,0.012829483082254263
2010-06-11,0.005489697384331517
2010-06-14,0.013650204880935966
2010-06-15,0.00862992830046759
2010-06-16,-0.0020566872888422095
2010-06-17,0.0003853014908015704
2010-06-18,0.008972420662553918
2010-06-21,0.004521158487048076
2010-06-22,-0.005928802196065473
2010-06-23,-0.010671811932622947
2010-06-24,-0.013813842847150922
2010-06-25,-0.00955231959461099
2010-06-28,0.004031046053768678
2010-06-29,-0.029417970040427812
2010-06-30,8.539721675951815e-05
2010-07-01,-0.02446916237464579
2010-07-02,0.014845999068510815
2010-07-05,0.0026913858518683577
2010-07-06,0.02124257180310298
2010-07-07,0.006462594127592536
2010-07-08,0.016233196262900818
2010-07-09,0.0027330722766560063
2010-07-12,0.00290987814188162
2010-07-13,0.01665980014948064
2010-07-14,-0.004315906795167482
2010-07-15,-0.004364944339756638
2010-07-16,-0.007866454129658187
2010-07-19,-0.005004656701628928
2010-07-20,-0.0036255635782203853
2010-07-21,0.01586717458426718
2010-07-22,0.01580933106818599
2010-07-23,0.009006424870262953
2010-07-26,0.00438907914936053
2010-07-27,-0.0031316401646502624
2010-07-28,-0.008615750603347731
2010-07-29,0.005424545019346369
2010-07-30,-0.012535810600689267
2010-08-02,0.021134655633242336
2010-08-03,-0.0024929489493473577
2010-08-04,-0.0009377020703286861
2010-08-05,0.0039127036488448555
2010-08-06,-0.007533624056564642
2010-08-09,0.012058109908963471
2010-08-10,-0.013049701315143832
2010-08-11,-0.022605198149503986
2010-08-12,-0.006740428718115892
2010-08-13,-0.0006131646763761897
2010-08-16,-0.0008283291834546257
2010-08-17,0.01398981383190737
2010-08-18,-0.002535580531840503
2010-08-19,-0.005242934532467707
2010-08-20,-0.00754221614415745
2010-08-23,0.006636943882539611
2010-08-24,-0.012833602601196308
2010-08-25,-0.008000330518715647
2010-08-26,0.005626601508416716
2010-08-27,0.01048432302023846
2010-08-31,0.004610997075520951
2010-09-01,0.02371636665401174
2010-09-02,0.007929949913136882
2010-09-03,0.00620294939890409
2010-09-06,0.003551157465160722
2010-09-07,-0.0057880343328823875
2010-09-08,0.0034709703074720264
2010-09-09,0.010612296605848278
2010-09-10,0.007342897243160753
2010-09-13,0.01018655318817492
2010-09-14,-0.0034221402301417
2010-09-15,0.002088971733484632
2010-09-16,-0.004986559765757401
2010-09-17,-0.00010531093530984904
2010-09-20,0.010214884459965412
2010-09-21,-0.00029398775805975305
2010-09-22,-0.009221992951861798
2010-09-23,-0.002136580712102887
2010-09-24,0.010779975605885506
2010-09-27,0.0022462839542458915
2010-09-28,-0.0009755866861727759
2010-09-29,0.0009566334634193086
2010-09-30,-0.0029107595200999043
2010-10-01,0.005746970355384807
2010-10-04,-0.002713159974400064
2010-10-05,0.011127038373401345
2010-10-06,0.011004588643803959
2010-10-07,-0.0032088414007431783
2010-10-08,-0.003787651977101314
2010-10-11,0.007422284578445353
2010-10-12,-0.004749915853464404
2010-10-13,0.013705712733569993
2010-10-14,-0.0017718682895614165
2010-10-15,-0.004531205187902868
2010-10-18,0.0038325512509339234
2010-10-19,-0.004506596126722118
2010-10-20,0.000526379995466126
2010-10-21,0.0066983865853601455
2010-10-22,-0.0009174564916693133
2010-10-25,0.007625893253356507
2010-10-26,-0.0034125454578004142
2010-10-27,-0.010419093761043045
2010-10-28,0.0019837523759486625
2010-10-29,-0.0004886346621306122
2010-11-01,0.0029283227155525865
2010-11-02,0.004788402913455551
2010-11-03,-0.004696455652687213
2010-11-04,0.012808056819461192
2010-11-05,0.005747532397031232
2010-11-08,-0.0029285068740271796
2010-11-09,0.005353397537688169
2010-11-10,-0.010171424226110632
2010-11-11,-0.008714966578037194
2010-11-12,-0.0029955190150311407
2010-11-15,0.005204323398779079
2010-11-16,-0.018992386954814016
2010-11-17,-0.00041995436347637416
2010-11-18,0.01217220949055979
2010-11-19,-0.0015966393581750228
2010-11-22,-0.00282098080609288
2010-11-23,-0.016558151692207403
2010-11-24,0.010472949418180789
2010-11-25,0.009635603691948604
2010-11-26,-0.0023654729029029594
2010-11-29,-0.011144892438871599
2010-11-30,-0.007681708488257741
2010-12-01,0.01881729547059467
2010-12-02,0.02444595668016449
2010-12-03,0.00048742188112455833
2010-12-06,0.006224850401239201
2010-12-07,0.013184575942454167
2010-12-08,-0.007167615270210968
2010-12-09,0.003976519368749129
2010-12-10,0.001561328990377935
2010-12-13,0.006952127064264109
2010-12-14,0.0044005964315648564
2010-12-15,-0.0032480957541231523
2010-12-16,-0.0038587124731375875
2010-12-17,0.008595646620982082
2010-12-20,0.000551166453786377
2010-12-21,0.006416868421986846
2010-12-22,0.0037732783569713302
2010-12-23,0.001643641613228877
2010-12-24,-0.006616923969567626
2010-12-29,0.01176392528439817
2010-12-30,-0.0051296973027091216
2010-12-31,-0.0009166806401093913
2011-01-04,0.014071534496053523
2011-01-05,0.0016194888200144139
2011-01-06,-0.002105780666027511
2011-01-07,-0.0036338335489975344
2011-01-10,-0.008524943141575057
2011-01-11,0.013727876193759942
2011-01-12,0.002553127732467125
2011-01-13,0.00014449886577756917
2011-01-14,-0.0020927474069334542
2011-01-17,-7.668152312557628e-05
2011-01-18,0.007534445863636599
2011-01-19,-0.008667805557238022
2011-01-20,-0.0192144913708023
2011-01-21,0.0024047720411914998
2011-01-24,0.003522899699556809
2011-01-25,-0.006223273064498621
2011-01-26,0.009578742188376331
2011-01-27,0.0004391435082316028
2011-01-28,-0.006164951221445244
2011-01-31,-0.006473358110662398
2011-02-01,0.011871889868406973
2011-02-02,-0.0001550539884182362
2011-02-03,-0.0026658392257072096
2011-02-04,0.00780479182261555
2011-02-07,0.012318247199788256
2011-02-08,0.0016412083192535029
2011-02-09,-0.0028696212780103775
2011-02-10,-0.006378060968878892
2011-02-11,0.006479796579306753
2011-02-14,0.0030552701431892206
2011-02-15,-0.007140602027530777
2011-02-16,0.004890242744292765
2011-02-17,0.0017347085884595313
2011-02-18,4.2272395562293517e-05
2011-02-21,-0.008541367038338743
2011-02-22,-0.006441380760387558
2011-02-23,-0.011262594775102504
2011-02-24,-0.009785718205824703
2011-02-25,0.017316771435143513
2011-02-28,0.0010589450795120245
2011-03-01,-0.00406979501571733
2011-03-02,-0.0026559305111657533
2011-03-03,0.00939832199315485
2011-03-04,0.006040523188008816
2011-03-07,0.002121810373913542
2011-03-08,-0.00037463842966330624
2011-03-09,-0.001133166565133881
2011-03-10,-0.01846412552624123
2011-03-11,-0.009256262238224736
2011-03-14,-0.005255012635711182
2011-03-15,-0.017644196120159886
2011-03-16,-0.010647322898267624
2011-03-17,0.018258733179982757
2011-03-18,0.009689070946647064
2011-03-21,0.014472877257409072
2011-03-22,-0.006064689263014932
2011-03-23,0.0005068619314247153
2011-03-24,0.013716459572830283
2011-03-25,0.0020486350828374167
2011-03-28,0.0006963244634442214
2011-03-29,-8.593353616925466e-05
2011-03-30,0.0034315944813431538
2011-03-31,-0.0072545391485561335
2011-04-01,0.010016966884011253
2011-04-04,0.004932804432538248
2011-04-05,-0.002459075902338729
2011-04-06,0.0037161493862063353
2011-04-07,-0.010409294693435663
2011-04-08,0.005712916041901482
2011-04-11,-0.003117542264296505
2011-04-12,-0.012750263098503578
2011-04-13,0.006408357684514716
2011-04-14,-0.0010852845179978314
2011-04-15,0.006528559655757881
2011-04-18,-0.016262800425597367
2011-04-19,0.007257704293882217
2011-04-20,0.015576375119824785
2011-04-21,0.004608188700777091
2011-04-26,0.0049747263396451545
2011-04-27,0.0021544510996501383
2011-04-28,0.009946201530386905
2011-05-03,7.486164924514171e-05
2011-05-04,-0.008836425973832893
2011-05-05,-0.0053378319428006174
2011-05-06,0.00517832655513716
2011-05-09,-0.0009326930999733617
2011-05-10,0.013285535850238735
2011-05-11,-0.0030988807946614014
2011-05-12,-0.004236052300576796
2011-05-13,0.002678811948055474
2011-05-16,-0.0046444598240593165
2011-05-17,-0.009049802814116728
2011-05-18,0.004341693333545461
2011-05-19,0.008293588628981476
2011-05-20,0.0004754382325517078
2011-05-23,-0.0165213798954284
2011-05-24,0.0053351167045945416
2011-05-25,-0.002837327471367299
2011-05-26,0.001335221277978919
2011-05-27,0.009899307359552592
2011-05-31,0.008493115188314703
2011-06-01,-0.004237540995556777
2011-06-02,-0.0039044137123630087
2011-06-03,0.0008105211683292331
2011-06-06,0.002019241284261608
2011-06-07,0.000991382458356601
2011-06-08,-0.011549638047853701
2011-06-09,0.003422622388763068
2011-06-10,-0.010600296024902449
2011-06-13,-0.0005516539148196399
2011-06-14,0.006928730879360309
2011-06-15,-0.008296413842587178
2011-06-16,-0.011241692175113576
2011-06-17,0.002567168825257102
2011-06-20,-0.01068994145810535
2011-06-21,0.010098141228564101
2011-06-22,-0.001605780651004925
2011-06-23,-0.015808106349681862
2011-06-24,0.006492026053744578
2011-06-27,0.001802613019480044
2011-06-28,0.004949225731630473
2011-06-29,0.0164750453537387
2011-06-30,0.011359719983705828
2011-07-01,0.008867871192320222
2011-07-04,0.005136160753234926
2011-07-05,0.003555028393062876
2011-07-06,-0.0011286518106510676
2011-07-07,0.0029712245875680395
2011-07-08,-0.007713891547551507
2011-07-11,-0.01621451214099999
2011-07-12,-0.008631314004494312
2011-07-13,0.005520495178851631
2011-07-14,-0.006488903366299833
2011-07-15,-0.0016841298885516213
2011-07-18,-0.018819353905544033
2011-07-19,0.005588252135099814
2011-07-20,0.009367294038405546
2011-07-21,0.0004443054446440169
2011-07-22,0.009657031684061871
2011-07-25,-0.002889003714421761
2011-07-26,0.00022907179670056087
2011-07-27,-0.011826529936797217
2011-07-28,-0.0029829253900466447
2011-07-29,-0.0054817837899817316
2011-08-01,-0.00948901547292182
2011-08-02,-0.022482821458516367
2011-08-03,-0.01749116023372282
2011-08-04,-0.03932768189851662
2011-08-05,-0.02466163183492191
2011-08-08,-0.0447259061079656
2011-08-09,0.022905399349698707
2011-08-10,-0.019969134393929413
2011-08-11,0.02483317843100588
2011-08-12,0.02842912239469084
2011-08-15,0.009511679579791857
2011-08-16,-0.01137299941448067
2011-08-17,-0.004167034719506889
2011-08-18,-0.05035272683655059
2011-08-19,-0.010306329161042942
2011-08-22,0.009758483281248818
2011-08-23,0.00680592675920421
2011-08-24,0.011971872143783393
2011-08-25,-0.002013579781170974
2011-08-26,-0.0024278335725947202
2011-08-30,0.024319077998852436
2011-08-31,0.02722483385135643
2011-09-01,0.004823981035334827
2011-09-02,-0.018685692536517383
2011-09-05,-0.029017324971607656
2011-09-06,-0.0012800023764177962
2011-09-07,0.024529817325908216
2011-09-08,0.004234653818999919
2011-09-09,-0.020832690517409127
2011-09-12,-0.016647905678378514
2011-09-13,0.0027306785681505265
2011-09-14,0.009622896588232848
2011-09-15,0.021163595172793287
2011-09-16,0.010032763608323914
2011-09-19,-0.0192868702748337
2011-09-20,0.007751636945849809
2011-09-21,-0.004140996282608728
2011-09-22,-0.03748524382907246
2011-09-23,-0.007389451443087905
2011-09-26,0.0024116579305576155
2011-09-27,0.028840533525311355
2011-09-28,-0.00876731705752193
2011-09-29,-0.005313602537567199
2011-09-30,-0.016773980242416022
2011-10-03,-0.007031278968072126
2011-10-04,-0.03386752058327099
2011-10-05,0.014942012633277133
2011-10-06,0.032979265417244025
2011-10-07,0.006993709236497959
2011-10-10,0.01819062303440523
2011-10-11,0.0014091326294017096
2011-10-12,0.016107756169618806
2011-10-13,-0.008710305428939774
2011-10-14,0.010501336234210722
2011-10-17,-0.00855802353719005
2011-10-18,-0.006999778671353787
2011-10-19,0.005183509825870383
2011-10-20,-0.0118667068303711
2011-10-21,0.015154966845039058
2011-10-24,0.01963926549942791
2011-10-25,-0.0038951329305009145
2011-10-26,-0.0005755174804610417
2011-10-27,0.029393666511347064
2011-10-28,0.0037012099846067434
2011-10-31,-0.027612178908912387
2011-11-01,-0.030233915574512688
2011-11-02,0.00823740895079767
2011-11-03,0.015006283714480994
2011-11-04,-0.0018178264281116432
2011-11-07,-0.00827453820948826
2011-11-08,0.01130235320114818
2011-11-09,-0.014539888658694605
2011-11-10,-0.007968247249991072
2011-11-11,0.019624710656768747
2011-11-14,-0.0040024937126280245
2011-11-15,-0.008511369644380718
2011-11-16,0.0015095666116190615
2011-11-17,-0.012268872363985961
2011-11-18,-0.01048793829602177
2011-11-21,-0.027913764926744057
2011-11-22,-0.0066561574132440494
2011-11-23,-0.013937596481472627
2011-11-24,0.003453250897860702
2011-11-25,0.0039911719705851886
2011-11-28,0.027440766414956123
2011-11-29,0.01234709712276314
2011-11-30,0.027888139276599635
2011-12-01,-0.010868030234968693
2011-12-02,0.010092182325119759
2011-12-05,0.005900692424379093
2011-12-06,-0.005415716945444197
2011-12-07,-0.0031176045039921
2011-12-08,-0.019061534479954075
2011-12-09,0.004402308347881711
2011-12-12,-0.022904526315209738
2011-12-13,0.006021486520723808
2011-12-14,-0.02200521191059704
2011-12-15,0.008491950924167666
2011-12-16,-0.002455324264005096
2011-12-19,-0.005605673862562514
2011-12-20,0.012234563441801427
2011-12-21,-0.0025772298447588396
2011-12-22,0.006137745314698754
2011-12-23,0.008105575078099825
2011-12-28,0.0029003790255729685
2011-12-29,0.004295042291162999
2011-12-30,0.00462326565455601
2012-01-03,0.025322718381431405
2012-01-04,-0.008548322162489406
2012-01-05,-0.012655440525150712
2012-01-06,0.009936157983126246
2012-01-09,0.0005073151057724462
2012-01-10,0.009379312875251076
2012-01-11,0.0024033847273117405
2012-01-12,0.00901200415601958
2012-01-13,-0.0008411126947897613
2012-01-16,0.0019964770469870353
2012-01-17,0.010782854726253828
2012-01-18,0.00648366663635743
2012-01-19,0.013712773151700186
2012-01-20,0.0016271079736438455
2012-01-23,0.0038444022502167837
2012-01-24,-0.012099406441162683
2012-01-25,0.0010704994279863034
2012-01-26,0.014812842427692851
2012-01-27,-0.004971601149245701
2012-01-30,-0.014896627217084861
2012-01-31,0.007007258890771637
2012-02-01,0.023093728127640285
2012-02-02,0.005925608201509283
2012-02-03,0.013323572465042418
2012-02-06,0.0002224901963571559
2012-02-07,-0.003923077085310522
2012-02-08,-0.002844909132538766
2012-02-09,0.0064920388529491006
2012-02-10,-0.005981573426158853
2012-02-13,0.009624370625830771
2012-02-14,-0.002655213676661598
2012-02-15,0.003834125931796111
2012-02-16,-0.00760263813443556
2012-02-17,0.009664468075250924
2012-02-20,0.009501927708698142
2012-02-21,-0.0035702433099020327
2012-02-22,0.00610638462088431
2012-02-23,0.004922706100718979
2012-02-24,0.0018495278954410517
2012-02-27,-0.004774142973731141
2012-02-28,0.00496499795421714
2012-02-29,-0.006936903674863797
2012-03-01,0.007474541032922386
2012-03-02,0.00026003518408995377
2012-03-05,-0.010831238117903168
2012-03-06,-0.023939224199922386
2012-03-07,0.012750271252619402
2012-03-08,0.015062673497924495
2012-03-09,0.006055739122992542
2012-03-12,0.0031093516723742797
2012-03-13,0.015973507578256635
2012-03-14,1.7037609359457986e-05
2012-03-15,-0.004349761297534822
2012-03-16,0.007968694329401223
2012-03-19,-0.0006277262872290772
2012-03-20,-0.013006866356077723
2012-03-21,0.002026588016494747
2012-03-22,-0.009057054770411044
2012-03-23,0.0012976678188348818
2012-03-26,0.014419984059041359
2012-03-27,-0.002047310601064244
2012-03-28,-0.010386180982853849
2012-03-29,-0.013787826442171669
2012-03-30,0.009395006721975595
2012-04-02,0.01001984917850394
2012-04-03,-0.001399491519915096
2012-04-04,-0.02490634343423667
2012-04-05,0.0024721330719170444
2012-04-10,-0.021709036322459255
2012-04-11,0.008743813370814101
2012-04-12,0.015939582897288897
2012-04-13,-0.009099967080741782
2012-04-16,-0.004936461733945292
2012-04-17,0.015069650579085714
2012-04-18,0.0004987418556377569
2012-04-19,-0.0007875738757561986
2012-04-20,0.0019153833055405415
2012-04-23,-0.02327471480341634
2012-04-24,0.00806999959215621
2012-04-25,0.005511636980352468
2012-04-26,0.0023705076915923177
2012-04-27,0.010358595641475054
2012-04-30,-0.005424284848598729
2012-05-01,0.007530151957222431
2012-05-02,-0.002436923985831507
2012-05-03,0.0006445707390275921
2012-05-04,-0.02889837433709686
2012-05-08,-0.02575874919457684
2012-05-09,-0.007783703162211036
2012-05-10,0.014283608183454814
2012-05-11,0.0066485365353538255
2012-05-14,-0.018580541982266364
2012-05-15,-0.008460227655089147
2012-05-16,-0.004411693940335785
2012-05-17,-0.0077486412190041565
2012-05-18,-0.015315545555537474
2012-05-21,0.00034499835564771804
2012-05-22,0.013704711284537966
2012-05-23,-0.01945161378988546
2012-05-24,0.009286221294731858
2012-05-25,-0.005265689524581367
2012-05-29,0.02281435354393632
2012-05-30,-0.01542156007146334
2012-05-31,0.006022949915344358
2012-06-01,-0.020235180534293865
2012-06-06,0.022656864564740847
2012-06-07,0.015125288618908654
2012-06-08,-0.004299521195174923
2012-06-11,-0.0038207118860887983
2012-06-12,-0.00914264059135124
2012-06-13,-0.002142256778741276
2012-06-14,0.0034101923176340456
2012-06-15,0.014560753243327165
2012-06-18,-0.0007738348965754529
2012-06-19,0.013847749762206686
2012-06-20,0.013876306889764023
2012-06-21,-0.007110498548231369
2012-06-22,-0.011098650482237642
2012-06-25,-0.014189385877623204
2012-06-26,-0.0005624086028327839
2012-06-27,0.008086890075073915
2012-06-28,-0.005942116791637608
2012-06-29,0.022553712759907026
2012-07-02,0.014655971461436969
2012-07-03,0.008643280398112747
2012-07-04,-0.0025591360550899626
2012-07-05,-0.002718435907827643
2012-07-06,-0.005432149136839876
2012-07-09,-0.007916990917099102
2012-07-10,0.0074562404185734964
2012-07-11,-0.00886847058944583
2012-07-12,-0.003992367453432586
2012-07-13,0.010897844870558305
2012-07-16,0.0028482191274703354
2012-07-17,-0.00507816243243913
2012-07-18,0.00601678355861312
2012-07-19,0.014045232571071651
2012-07-20,-0.006568074522800315
2012-07-23,-0.024654784177594775
2012-07-24,-0.001009971219541925
2012-07-25,-0.0011489341041530914
2012-07-26,0.015160274329625011
2012-07-27,0.012557268319928323
2012-07-30,0.005343991376118795
2012-07-31,-0.009135031314662373
2012-08-01,0.004434914842266506
2012-08-02,-0.009846153435256138
2012-08-03,0.020065291791432845
2012-08-06,0.011026470204375487
2012-08-07,0.003014774565181498
2012-08-08,-0.002139991048202542
2012-08-09,0.0024104052564279293
2012-08-10,0.0005929683227799344
2012-08-13,-0.002968449383281709
2012-08-14,0.005884652081904503
2012-08-15,-0.0005390911922752013
2012-08-16,0.00036522803657240444
2012-08-17,0.010017194853067513
2012-08-20,-0.0047279205010906855
2012-08-21,0.0065682133106769154
2012-08-22,-0.012544491824651364
2012-08-23,-0.002430253507683814
2012-08-24,-0.0015186505494790656
2012-08-28,-0.006475525902355298
2012-08-29,0.0010982784304255236
2012-08-30,-0.005441669800764328
2012-08-31,0.007415536421791602
2012-09-03,0.008108820980674492
2012-09-04,-0.006480061973113728
2012-09-05,0.0015125581689001777
2012-09-06,0.01992071766896837
2012-09-07,0.011207523691179182
2012-09-10,0.0028330427625345416
2012-09-11,-0.005173143957421709
2012-09-12,0.002602567541535124
2012-09-13,0.0029927310996297864
2012-09-14,0.022502649135401835
2012-09-17,-0.002909389063005857
2012-09-18,-0.012259378486837724
2012-09-19,0.0033880046410153697
2012-09-20,-0.003781941231159252
2012-09-21,0.0017588680777109033
2012-09-24,-0.003932440800765032
2012-09-25,0.00237477560262035
2012-09-26,-0.01635065713947073
2012-09-27,0.0014047157719312131
2012-09-28,-0.0017285723911557827
2012-10-01,0.011304472022656487
2012-10-02,0.002264162518544186
2012-10-03,-0.0018260705603561807
2012-10-04,0.006857780719774833
2012-10-05,0.008910859062116744
2012-10-08,-0.007222595988214249
2012-10-09,-0.0052582181428065195
2012-10-10,-0.007034540351985934
2012-10-11,0.005909021425886278
2012-10-12,-0.0050639485586237865
2012-10-15,0.0014687594963358086
2012-10-16,0.010872101502170195
2012-10-17,0.00504350293806494
2012-10-18,0.0021063326793714604
2012-10-19,0.0002484924842596382
2012-10-22,-0.0028447707871983676
2012-10-23,-0.012444251589155887
2012-10-24,-0.002391148180700202
2012-10-25,0.009188271700439657
2012-10-26,-0.0038747734322448417
2012-10-29,-0.000436137249516113
2012-10-30,0.002814628821505178
2012-10-31,-0.00161577016020936
2012-11-01,0.013052260976092578
2012-11-02,0.002395448182773347
2012-11-05,-0.007477877067012256
2012-11-06,0.004238509852152144
2012-11-07,-0.010007179795785961
2012-11-08,-0.005499415241265667
2012-11-09,-0.0044906620953128204
2012-11-12,-0.0033072077589989205
2012-11-13,-0.000516905108858962
2012-11-14,-0.006676358572924013
2012-11-15,-0.0030082831156771715
2012-11-16,-0.009157218822384416
2012-11-19,0.014390201589822111
2012-11-20,0.0064501022465335315
2012-11-21,-0.0031774168191555357
2012-11-22,0.006631480477020227
2012-11-23,0.002290485843154708
2012-11-26,-0.003817620248067657
2012-11-27,0.001990704145436424
2012-11-28,0.001969830693172732
2012-11-29,0.01137269164210437
2012-11-30,0.0006317816740931513
2012-12-03,-0.0005651997126484912
2012-12-04,0.0021510524061904924
2012-12-05,0.004123120700573241
2012-12-06,0.003801754211712105
2012-12-07,0.003155669293956003
2012-12-10,-0.0007715252201113772
2012-12-11,0.001017646764055162
2012-12-12,0.0027606271190037906
2012-12-13,-0.0010394703498195583
2012-12-14,0.00266608375177076
2012-12-17,-0.0020930225066382833
2012-12-18,0.006095033706391881
2012-12-19,0.008835651133793499
2012-12-20,0.0016434444430194315
2012-12-21,-0.004873838673777855
2012-12-24,0.0026980502669713773
2012-12-27,0.00015329748754482766
2012-12-28,-0.003069791597008691
2012-12-31,0.0012371127620698424
2013-01-02,0.018962535212808433
2013-01-03,0.003119117586103235
2013-01-04,0.0034404075252063124
2013-01-07,0.002132409477740555
2013-01-08,-0.006862037416454998
2013-01-09,0.005847500732657004
2013-01-10,0.001705997356544106
2013-01-11,0.005249026962600041
2013-01-14,-0.003028553993642824
2013-01-15,0.0012297532027139215
2013-01-16,-0.0008771259192073954
2013-01-17,0.0065596538831106865
2013-01-18,0.007637561249007487
2013-01-21,0.0037624485423629586
2013-01-22,-0.0028359577632386355
2013-01-23,-0.001830586105481993
2013-01-24,0.010153620664589608
2013-01-25,0.00532005595964587
2013-01-28,-0.00027406176583894145
2013-01-29,-0.0018978889920322132
2013-01-30,-0.004672286290807754
2013-01-31,-0.0012271351771917574
2013-02-01,0.018650050867838018
2013-02-04,-0.0074699286906708025
2013-02-05,0.0049811082008845865
2013-02-06,0.007432950282509938
2013-02-07,-0.0030702639404698836
2013-02-08,0.0055930277285494295
2013-02-11,-0.0001271226369707287
2013-02-12,0.007627740346687801
2013-02-13,0.009380031106986564
2013-02-14,-0.007563634855726222
2013-02-15,0.004279588465088843
2013-02-18,-0.004390701633965527
2013-02-19,0.011490146298978312
2013-02-20,0.006198282251645129
2013-02-21,-0.013570672116986133
2013-02-22,0.008389842836946803
2013-02-25,0.0012282984536293705
2013-02-26,-0.010998703487036252
2013-02-27,0.006590234259819188
2013-02-28,0.005744723898132124
2013-03-01,0.0033946700945078298
2013-03-04,-0.005549646548024983
2013-03-05,0.013567985798276469
2013-03-06,0.004462911381061115
2013-03-07,0.0021595524165245084
2013-03-08,0.004676037835478872
2013-03-11,-0.0004351967944112769
2013-03-12,0.0005208064012127425
2013-03-13,-0.003451012427681639
2013-03-14,0.00800553211404373
2013-03-15,0.0015324526705856169
2013-03-18,-0.0011207364796824465
2013-03-19,-0.0038327564946051755
2013-03-20,-0.000370561112742067
2013-03-21,-0.0035628540714342516
2013-03-22,-0.0016608110079181508
2013-03-25,0.000265067421124836
2013-03-26,0.0019177380167623307
2013-03-27,-0.009026773111729726
2013-03-28,0.004361981803981367
2013-04-02,0.009578343422480347
2013-04-03,-0.006910054479797178
2013-04-04,-0.014764452340530214
2013-04-05,-0.02022402887110957
2013-04-08,0.003221759597486474
2013-04-09,0.005501054310168101
2013-04-10,0.014310678634169845
2013-04-11,0.012520681127172232
2013-04-12,-0.0043982152253683885
2013-04-15,-0.011950215187598775
2013-04-16,-0.005985157374291319
2013-04-17,-0.009444398059875805
2013-04-18,0.0016097805538247776
2013-04-19,0.00468906992504311
2013-04-22,-0.0018523976108341114
2013-04-23,0.01649130737719294
2013-04-24,0.005600327164253753
2013-04-25,0.007956689225898483
2013-04-26,-0.0022229020742704536
2013-04-29,0.0012728786114820443
2013-04-30,-0.0030705298677527497
2013-05-01,0.005682787755826796
2013-05-02,-0.007095996329481561
2013-05-03,0.012555271683916602
2013-05-07,-0.00034031995874317904
2013-05-08,0.006495897576728511
2013-05-09,0.006201959588046649
2013-05-10,0.0023848826520771606
2013-05-13,-0.001104279202221677
2013-05-14,0.0054258371666229726
2013-05-15,0.006813696983831525
2013-05-16,0.006232266018885269
2013-05-17,0.008653597526681607
2013-05-20,0.0018903100243633736
2013-05-21,0.005730454086052353
2013-05-22,0.0012554750697474756
2013-05-23,-0.021574652004174615
2013-05-24,-0.007937579142518043
2013-05-28,0.01581264896941701
2013-05-29,-0.01604892996466886
2013-05-30,0.003683413833388876
2013-05-31,-0.006376424890136049
2013-06-03,-0.008207345918438214
2013-06-04,0.0018110264487290523
2013-06-05,-0.01858046132595629
2013-06-06,-0.011258489368735752
2013-06-07,0.011836993647938292
2013-06-10,0.0014413167703923627
2013-06-11,-0.015745230293483518
2013-06-12,-0.0030176812643137488
2013-06-13,-0.006311393727027329
2013-06-14,0.010509072685130226
2013-06-17,0.00613060778134389
2013-06-18,0.006236176842755438
2013-06-19,0.00114266135052179
2013-06-20,-0.02478647514339255
2013-06-21,-0.009003342163006299
2013-06-24,-0.02033848474161354
2013-06-25,0.013946641086325314
2013-06-26,0.011120380030735538
2013-06-27,0.014118293986849353
2013-06-28,-0.00031878888516921464
2013-07-01,0.016709636848241862
2013-07-02,-0.0014835494295953684
2013-07-03,-0.0030310480955999283
2013-07-04,0.024854124340702496
2013-07-05,-0.0036801771549343013
2013-07-08,0.014391527352895195
2013-07-09,0.01013278954394058
2013-07-10,-0.006133391071369356
2013-07-11,0.0075277368489437505
2013-07-12,0.003980890988019432
2013-07-15,0.004249608148496011
2013-07-16,-0.00542042232705208
2013-07-17,0.0028632879218887086
2013-07-18,0.006464934378369132
2013-07-19,-0.0003306538669092909
2013-07-22,0.0023394450994113957
2013-07-23,-0.0018468324827383856
2013-07-24,0.0008698981337404741
2013-07-25,-0.004540035413666136
2013-07-26,-0.0028684835814623967
2013-07-29,0.0008010577253532053
2013-07-30,0.0062569324443423145
2013-07-31,0.0028953518798433006
2013-08-01,0.012581122181206819
2013-08-02,0.004689793330594925
2013-08-05,0.004299506438163057
2013-08-06,-0.005416994898346051
2013-08-07,-0.009639365968334467
2013-08-08,0.00772557927240241
2013-08-09,0.002595044059295195
2013-08-12,-0.0032116786095585347
2013-08-13,0.0015839125516092607
2013-08-14,-0.0009606753416392266
2013-08-15,-0.02641584438056531
2013-08-16,0.009591073890884405
2013-08-19,0.002060660136907208
2013-08-20,-0.006147302630189009
2013-08-21,-0.002100471062167624
2013-08-22,0.007467083583541403
2013-08-23,0.0066763762644262165
2013-08-27,-0.012455932316715403
2013-08-28,-0.009675598637882945
2013-08-29,0.007492814839822983
2013-08-30,-0.007533812369827617
2013-09-02,0.016969482719543846
2013-09-03,-0.0009415879903387937
2013-09-04,-0.0006731060732716556
2013-09-05,0.008434838234297522
2013-09-06,0.0047293065422722635
2013-09-09,0.00295944542358357
2013-09-10,0.011711512040490455
2013-09-11,-0.0016319300149897186
2013-09-12,-0.003528512286456652
2013-09-13,0.0018413668613751946
2013-09-16,0.004712918785051911
2013-09-17,-0.009177493109985878
2013-09-18,-0.00417305364780212
2013-09-19,0.003169389205289243
2013-09-20,-0.006947451938343803
2013-09-23,-0.007438265491452075
2013-09-24,0.009491755314412355
2013-09-25,-0.0022863489040513426
2013-09-26,-0.0012916497415598439
2013-09-27,-0.005645712259253011
2013-09-30,-0.0011195750176081186
2013-10-01,0.003896304405748919
2013-10-02,-0.0050305779631557605
2013-10-03,-0.0025752716390092605
2013-10-04,-0.0009295239551349408
2013-10-07,-0.004606542033798011
2013-10-08,-0.007024846101210762
2013-10-09,-0.0020200657782166506
2013-10-10,0.01751208559166349
2013-10-11,0.004901852471049923
2013-10-14,0.005834765405630722
2013-10-15,0.00470420721634892
2013-10-16,0.005813113667556231
2013-10-17,0.0010050270153154147
2013-10-18,0.010403991663906762
2013-10-21,0.008462442221440103
2013-10-22,-0.0006122219012214609
2013-10-23,-0.0011287592910140189
2013-10-24,0.002056637502380971
2013-10-25,-0.0022761124161511906
2013-10-28,-0.004062036210914485
2013-10-29,0.006891847599879233
2013-10-30,0.0030528487485713593
2013-10-31,-0.006631708301896417
2013-11-01,-0.0015709881807588891
2013-11-04,0.0008213785226337915
2013-11-05,-0.006537886905035277
2013-11-06,0.0023528479498395533
2013-11-07,-0.0009287608542191217
2013-11-08,-0.0030912931569365013
2013-11-11,0.005097167930561735
2013-11-12,-0.0033323586757135187
2013-11-13,-0.012393391008435254
2013-11-14,0.005131843525617025
2013-11-15,-0.0007409255530812228
2013-11-18,0.0028752187620858546
2013-11-19,-0.0016298150912732142
2013-11-20,-0.00570220083495987
2013-11-21,-0.001998187439321718
2013-11-22,0.002584385445668893
2013-11-25,0.007360415362277196
2013-11-26,0.00040509827058601307
2013-11-27,0.006551076187338704
2013-11-28,0.0016278103615508892
2013-11-29,0.0022525321739410784
2013-12-02,-0.00855809226997949
2013-12-03,-0.011919636977008308
2013-12-04,-0.0016577743508027396
2013-12-05,0.001961335193965627
2013-12-06,0.010461159302048155
2013-12-09,0.004865061534380348
2013-12-10,0.0012336622655658854
2013-12-11,-0.0009543444298391175
2013-12-12,-0.012062484484253753
2013-12-13,0.001445229353211385
2013-12-16,0.009870033604114087
2013-12-17,-0.0023427444835219776
2013-12-18,0.001178604027823406
2013-12-19,0.01442683983003446
2013-12-20,0.002984612128763276
2013-12-23,0.006698959448603939
2013-12-24,0.0026201567697275103
2013-12-27,0.006007365287234758
2013-12-30,0.0014223689935892062
2013-12-31,0.0021799283464607982
2014-01-02,-0.001023452427309236
2014-01-03,0.006349530522672225
2014-01-06,0.0017960706087928498
2014-01-07,0.0012391857136264711
2014-01-08,-0.004209429660462826
2014-01-09,-0.003298847460767089
2014-01-10,0.015102645987321686
2014-01-13,0.0038894604300642515
2014-01-14,-0.0011572387813517514
2014-01-15,0.003498455095391686
2014-01-16,-0.005119613540990417
2014-01-17,-0.001395235933184831
2014-01-20,0.0024680554367163816
2014-01-21,-0.005121795898601212
2014-01-22,0.00018580798431422978
2014-01-23,-0.010402498423936405
2014-01-24,-0.017466899403200512
2014-01-27,-0.011219535972690266
2014-01-28,0.012008824982539952
2014-01-29,-0.0017513641448879908
2014-01-30,0.000860143867036018
2014-01-31,-0.0017465098295291763
2014-02-03,-0.0074409898172370145
2014-02-04,-0.0011512061740541711
2014-02-05,0.0013568768936989056
2014-02-06,0.014577005766145977
2014-02-07,0.00475118371256509
2014-02-10,0.0028701475664893285
2014-02-11,0.010478673478064424
2014-02-12,5.599879500792131e-05
2014-02-13,-0.0031019629451661725
2014-02-14,0.005052855725600851
2014-02-17,0.008289297556267493
2014-02-18,0.005977862489851255
2014-02-19,0.0003181579013120017
2014-02-20,0.0013143377940391773
2014-02-21,0.005610823553688912
2014-02-24,0.004751518799534651
2014-02-25,-0.0006895286369980745
2014-02-26,-0.003406176249263448
2014-02-27,0.0031096402636780597
2014-02-28,0.012211045290480236
2014-03-03,-0.02122083918069148
2014-03-04,0.01959931660344344
2014-03-05,-0.005073059663385458
2014-03-06,0.0034489034796386826
2014-03-07,-0.006758760933765581
2014-03-10,-0.006561579874463317
2014-03-11,0.0018401643666750595
2014-03-12,-0.00943672329053834
2014-03-13,-0.00864277704512434
2014-03-14,-0.003794354083947875
2014-03-17,0.01064092451868871
2014-03-18,0.003479147175787935
2014-03-19,-0.0009421216629924985
2014-03-20,-0.007457871374324518
2014-03-21,-0.0035395469739095777
2014-03-24,-0.008744704880624468
2014-03-25,0.00831144539046313
2014-03-26,0.006159420895750404
2014-03-27,-0.0031243308841703865
2014-03-28,-0.0012660613756236018
2014-03-31,0.005669333627657962
2014-04-01,0.008194298519456248
2014-04-02,0.000511850675024972
2014-04-03,-0.004083642924488626
2014-04-04,0.0051612309014639245
2014-04-07,-0.01045377795843791
2014-04-08,-0.015385717163717033
2014-04-09,0.00927343752178126
2014-04-10,-0.0009408332668062145
2014-04-11,-0.015608666296134454
2014-04-14,-0.012404908011802534
2014-04-15,-0.007151837393898959
2014-04-16,0.009924610365957149
2014-04-17,0.010229500973484523
2014-04-22,0.010897216721652087
2014-04-23,-0.005774595989159298
2014-04-24,0.00013759218522516387
2014-04-25,-0.006499371020145021
2014-04-28,-0.00390990075302288
2014-04-29,0.004438418428744
2014-04-30,-0.005007257436662361
2014-05-01,0.0020904473942491386
2014-05-02,0.0050722287545100775
2014-05-06,0.0004894824346604986
2014-05-07,-0.003563733982792203
2014-05-08,0.005431639231109344
2014-05-09,-0.005230161272482257
2014-05-12,0.006037700023359517
2014-05-13,0.0035914754329795344
2014-05-14,-0.004017109514383434
2014-05-15,-0.022671888772821794
2014-05-16,-0.014096885747207572
2014-05-19,-0.001202184841327094
2014-05-20,0.003951984797909373
2014-05-21,0.010495072132015311
2014-05-22,0.004597407221695213
2014-05-23,0.0019693637888174302
2014-05-27,0.008741787904177645
2014-05-28,0.005758481187204185
2014-05-29,0.0012166381105555477
2014-05-30,0.0034725407678351987
2014-06-02,0.004617629524750604
2014-06-03,-0.007018929765490222
2014-06-04,0.0009136634006817246
2014-06-05,0.0005628165991852374
2014-06-06,0.01473263840116851
2014-06-09,-0.0008936468256063876
2014-06-10,-0.00048109910268352935
2014-06-11,-0.007616560526443316
2014-06-12,0.00238411163481211
2014-06-13,-0.019486678157105856
2014-06-16,-0.006858812756688385
2014-06-17,-0.007746390514102818
2014-06-18,0.0024800119774071256
2014-06-19,0.0038137265790231293
2014-06-20,0.006830779393567537
2014-06-23,-0.007379300152998642
2014-06-24,-0.008205641966343517
2014-06-25,-0.006012701154196771
2014-06-26,0.012398541241313284
2014-06-27,0.002215262859424072
2014-06-30,0.002681069961043647
2014-07-01,0.00743248404010065
2014-07-02,0.0035414504686454183
2014-07-03,0.008262903561824433
2014-07-04,0.0013217410826839636
2014-07-07,-0.00988661981940591
2014-07-08,-0.015204054269693562
2014-07-09,-0.006595758936833576
2014-07-10,-0.0070797965090662164
2014-07-11,0.0007445462146566586
2014-07-14,0.0081407775163429
2014-07-15,-0.008846489430440791
2014-07-16,0.010289819714013758
2014-07-17,-0.002965906933249659
2014-07-18,0.00017998924570479516
2014-07-21,-0.004555007353572746
2014-07-22,0.010572834734970619
2014-07-23,0.004799736669470206
2014-07-24,0.0014424410150083397
2014-07-25,-0.003619564112984665
2014-07-28,-0.004810222870567747
2014-07-29,0.004504296273323029
2014-07-30,-0.0036530079240578318
2014-07-31,-0.008623248500345414
2014-08-01,-0.006013256041959863
2014-08-04,-0.002606872606582993
2014-08-05,-0.0006966884815159253
2014-08-06,-0.005827314158850853
2014-08-07,-0.0014818698754216152
2014-08-08,0.00021656182937661794
2014-08-11,0.014154684789471593
2014-08-12,0.0003297889784632192
2014-08-13,0.003981523568640989
2014-08-14,0.00949269292775824
2014-08-15,-0.0004976999938943843
2014-08-18,0.008174452313883578
2014-08-19,0.006241365057855537
2014-08-20,-0.009252909390819039
2014-08-21,0.00567942761286008
2014-08-22,0.00267972436556459
2014-08-26,0.007334016082100618
2014-08-27,0.001661302693548896
2014-08-28,-0.007120583623521178
2014-08-29,-0.0015850877216064124
2014-09-01,0.004484500996041555
2014-09-02,0.0005200583561492045
2014-09-03,0.0016584633511706726
2014-09-04,0.00024380709197642525
2014-09-05,-0.00446111669668012
2014-09-08,-0.009863475715491331
2014-09-09,0.0011789237892152146
2014-09-10,-0.007260149194979963
2014-09-11,-0.003278563670384403
2014-09-12,0.005776617809398154
2014-09-15,-0.00399860194207754
2014-09-16,-0.0035913262842509944
2014-09-17,-0.0010522631315221
2014-09-18,0.00933565523258556
2014-09-19,0.008631567667229258
2014-09-22,-0.007246018903687932
2014-09-23,-0.013485554621165755
2014-09-24,0.0002509978087483914
2014-09-25,-0.007214927465767217
2014-09-26,-0.0027394202391858294
2014-09-29,0.0004159001615244286
2014-09-30,-0.0006759494390262537
2014-10-01,-0.011036168936008844
2014-10-02,-0.013615481088669496
2014-10-03,0.014876886515280066
2014-10-06,0.0030747221581133104
2014-10-07,-0.01170665416336639
2014-10-08,-0.011034763815384239
2014-10-09,-0.00821662163613813
2014-10-10,-0.011523624268840552
2014-10-13,-0.006688228064733494
2014-10-14,0.00861240804774943
2014-10-15,-0.016710275541115177
2014-10-16,0.003694596092635564
2014-10-17,0.01898291182142713
2014-10-20,-0.00010839812139067349
2014-10-21,0.018065700686842056
2014-10-22,0.009610879125588423
2014-10-23,-0.002250347237337255
2014-10-24,-0.0030702733890742174
2014-10-27,-0.003265799036018244
2014-10-28,0.005503299142045694
2014-10-29,0.007293071525233169
2014-10-30,0.0042053877953315754
2014-10-31,0.01318866927930353
2014-11-03,-0.0031142533488535424
2014-11-04,-0.0038318205240283707
2014-11-05,0.008551053890785589
2014-11-06,-0.0007216295663183174
2014-11-07,-0.003266643533715237
2014-11-10,0.008480232817969554
2014-11-11,0.002209634232380918
2014-11-12,-0.0016904368120225144
2014-11-13,0.0017672183523034935
2014-11-14,0.0007801009955658676
2014-11-17,0.0002876070229391629
2014-11-18,0.003241088791654365
2014-11-19,-0.006229793197097834
2014-11-20,0.00016660744901511105
2014-11-21,0.0055661782357017894
2014-11-24,0.001178280322443158
2014-11-25,0.007704125266772786
2014-11-26,-0.0027324001029189362
2014-11-27,0.006395594944629793
2014-11-28,-0.0023880666406266033
2014-12-01,-0.008361994373725447
2014-12-02,0.007175317670098117
2014-12-03,-0.0013525463524030152
2014-12-04,0.0018261283777663631
2014-12-05,0.01020002868096194
2014-12-08,-0.0031544234652575217
2014-12-09,-0.015044443361732145
2014-12-10,0.0014752859718327714
2014-12-11,-0.004713234418639609
2014-12-12,-0.018453800623357237
2014-12-15,-0.009356131021738405
2014-12-16,0.012583010695038574
2014-12-17,0.001114334400221051
2014-12-18,0.018520782888328233
2014-12-19,0.009879415518597362
2014-12-22,0.006436554267586951
2014-12-23,0.006401639697232592
2014-12-24,0.0006646269934046772
2014-12-29,-0.003371123266527359
2014-12-30,-0.0037701983191058322
2014-12-31,0.005929776374064307
2015-01-02,-0.002078600150900457
2015-01-05,-0.008150481502769156
2015-01-06,-0.009022029262572662
2015-01-07,0.004615820774237399
2015-01-08,0.014641482655971974
2015-01-09,-0.004642259049620233
2015-01-12,-0.004212206891802206
2015-01-13,0.008823381562874384
2015-01-14,-0.013324334375889719
2015-01-15,0.00271807211067431
2015-01-16,0.00045230483760956027
2015-01-19,0.009046735750841587
2015-01-20,0.0036901193289537713
2015-01-21,0.007825894721526575
2015-01-22,0.0076979918873415175
2015-01-23,0.00487244312152369
2015-01-26,0.0007045138822558809
2015-01-27,-0.007104477060993761
2015-01-28,0.00438070896548581
2015-01-29,-0.004068929248284615
2015-01-30,-0.0032573438484063124
2015-02-02,0.0030494616992834123
2015-02-03,0.013041660968325293
2015-02-04,7.83798219387011e-05
2015-02-05,0.00741891014244233
2015-02-06,-0.0005632248062351124
2015-02-09,-0.006397198073349575
2015-02-10,0.0047837050681669565
2015-02-11,-0.0015679541286064452
2015-02-12,0.010573675526546974
2015-02-13,0.0022818538648543955
2015-02-16,0.0007949472369743725
2015-02-17,0.0015704219499385308
2015-02-18,0.006751342829840125
2015-02-19,0.0028016764133507897
2015-02-20,0.00426068625100614
2015-02-23,0.002647980360237854
2015-02-24,0.001972679654769114
2015-02-25,-0.0007909002925535228
2015-02-26,0.0035716292470778918
2015-02-27,0.001390353426638582
2015-03-02,-0.0013845789200999626
2015-03-03,-0.006041458747610555
2015-03-04,-0.0006009492991740564
2015-03-05,0.010137784235165667
2015-03-06,-0.0022035178438120197
2015-03-09,-0.006103488701588693
2015-03-10,-0.01435064124652946
2015-03-11,0.0015588606120040978
2015-03-12,0.0065980373884551155
2015-03-13,0.0028328693992294355
2015-03-16,0.005333656863939679
2015-03-17,0.00011047530107660291
2015-03-18,0.009303778204387407
2015-03-19,0.0042813821742486305
2015-03-20,0.005683967861782775
2015-03-23,0.0007751539243378009
2015-03-24,0.0015940613926647676
2015-03-25,-0.0043839950208434475
2015-03-26,-0.0139059206253011
2015-03-27,-0.005693849902783754
2015-03-30,0.0026476055252352476
2015-03-31,-0.006851598593532456
2015-04-01,0.0019173900332625342
2015-04-02,0.008455478390704109
2015-04-07,0.014527247952230204
2015-04-08,0.0022803076893466215
2015-04-09,0.008730956616416898
2015-04-10,0.008968698529505268
2015-04-13,-0.002537402537678978
2015-04-14,0.0016251691079603578
2015-04-15,0.0008227412877300377
2015-04-16,-0.008044084495276283
2015-04-17,-0.008945572908450444
2015-04-20,0.001768234338440779
2015-04-21,0.006178482768050057
2015-04-22,-0.004356664469109431
2015-04-23,0.002780250599883687
2015-04-24,0.002524485790022309
2015-04-27,0.003114192584061242
2015-04-28,-0.007070251548968512
2015-04-29,-0.010142268567848724
2015-04-30,-0.00037759740441720016
2015-05-01,-0.000360521200175734
2015-05-05,-0.0009278915966702911
2015-05-06,-0.0022946184594653703
2015-05-07,0.0020596844942479143
2015-05-08,0.02757928381475389
2015-05-11,-0.00364743013952245
2015-05-12,-0.010202642880830955
2015-05-13,0.00969331879010091
2015-05-14,0.003788731231142106
2015-05-15,0.005068181453948708
2015-05-18,9.9816780475883e-05
2015-05-19,0.008503234843639629
2015-05-20,-0.002236179442929743
2015-05-21,0.0010526072589544175
2015-05-22,0.0020964211678609203
2015-05-26,-0.005174690879670249
2015-05-27,0.007634232951653392
2015-05-28,-2.7416414208860112e-05
2015-05-29,-0.00453952034459747
2015-06-01,0.003617848751641615
2015-06-02,5.574155129636315e-06
2015-06-03,0.002368132596580868
2015-06-04,-0.009523100173858502
2015-06-05,-0.008833599678851976
2015-06-08,-0.002954530609056064
2015-06-09,-0.0021613420124625307
2015-06-10,0.010610601727166902
2015-06-11,0.0032890975989575103
2015-06-12,-0.007791706806768629
2015-06-15,-0.012355201360636484
2015-06-16,0.0004229534239339113
2015-06-17,-0.0016928880937658339
2015-06-18,-0.0015429564332021645
2015-06-19,0.0014752253889610037
2015-06-22,0.011305564298259073
2015-06-23,0.0050857441067432224
2015-06-24,-0.004053121561682755
2015-06-25,0.0011207013619879901
2015-06-26,-0.006855447757195843
2015-06-29,-0.01626879576056768
2015-06-30,-0.00018246738056315907
2015-07-01,0.010530989980053213
2015-07-02,-0.0017568866973576111
2015-07-03,-0.004107712683910307
2015-07-06,-0.009709987917224943
2015-07-07,-0.013296540148719496
2015-07-08,-0.005826537509881416
2015-07-09,0.010642673003045363
2015-07-10,0.010942500974915502
2015-07-13,0.012649598250831534
2015-07-14,-0.003762242235487309
2015-07-15,-0.00030050206436534185
2015-07-16,0.007248151568230211
2015-07-17,-0.0005348903343943535
2015-07-20,0.001435112054992675
2015-07-21,-0.0014351120549926763
2015-07-22,-0.006225793695493304
2015-07-23,-0.0015085646482309503
2015-07-24,-0.006834089999889709
2015-07-27,-0.013317538144301576
2015-07-28,0.0069426939139682975
2015-07-29,0.007157502264974716
2015-07-30,0.0004680747573405245
2015-07-31,0.008886848164232174
2015-08-03,-0.0004130861505802039
2015-08-04,0.003632354754265758
2015-08-05,0.0022923013036884837
2015-08-06,-0.0016496673478031596
2015-08-07,-0.005084526683580179
2015-08-10,0.005935048404094202
2015-08-11,-0.005300941318723734
2015-08-12,-0.013041047439434057
2015-08-13,0.008985742342646244
2015-08-14,0.0014425321581928497
2015-08-17,-0.0006812414602399008
2015-08-18,0.00045421253513698925
2015-08-19,-0.012468970005057336
2015-08-20,-0.009192236257243736
2015-08-21,-0.021269460571730254
2015-08-24,-0.04003446705548366
2015-08-25,0.030807716620267833
2015-08-26,-0.007220220888844781
2015-08-27,0.019133497893555777
2015-08-28,0.010838134825999783
2015-09-01,-0.01567190063139673
2015-09-02,0.002686278928765032
2015-09-03,0.011862535855421104
2015-09-04,-0.016474635938398954
2015-09-07,0.002050490309978518
2015-09-08,0.009325583061724518
2015-09-09,0.008959583557470405
2015-09-10,-0.007795644854052467
2015-09-11,-0.0030421618266138883
2015-09-14,-0.002519683069259881
2015-09-15,0.002130672145051345
2015-09-16,0.0058899656195050875
2015-09-17,-0.001084869115799548
2015-09-18,-0.005459814551420323
2015-09-21,-0.003391944955213962
2015-09-22,-0.021740228031136406
2015-09-23,0.007827745933808085
2015-09-24,-0.008765874889415166
2015-09-25,0.017134174384845727
2015-09-28,-0.011115252900570914
2015-09-29,-0.01038825816823161
2015-09-30,0.014520790680167614
2015-10-01,0.00482555093515132
2015-10-02,0.0019309055371712256
2015-10-05,0.018533973670240133
2015-10-06,0.0013141334874096156
2015-10-07,-0.005947890295812844
2015-10-08,-0.0016100157730810486
2015-10-09,0.004816690395165452
2015-10-12,-0.005805239192606593
2015-10-13,-0.005253073906520917
2015-10-14,-0.00513209569147731
2015-10-15,0.008175158827119845
2015-10-16,-0.0033568051662033246
2015-10-19,0.0014552834570759638
2015-10-20,0.0039349112437868875
2015-10-21,0.003098070416596013
2015-10-22,0.00045777622648526074
2015-10-23,0.01144525130119454
2015-10-26,-0.0036026235130284744
2015-10-27,-0.007801605498963016
2015-10-28,0.005779664838036339
2015-10-29,-0.0017280209468629529
2015-10-30,0.00016352307009751384
2015-11-02,0.002928498995147413
2015-11-03,0.001257385056361833
2015-11-04,-0.00037822033239664815
2015-11-05,-0.0038134829926723193
2015-11-06,0.0028469395450293673
2015-11-09,-0.0031040483099002694
2015-11-10,-0.0042690021644505236
2015-11-11,0.003631936717426927
2015-11-12,-0.013676509101786798
2015-11-13,-0.005581831263296213
2015-11-16,0.0040928540923698105
2015-11-17,0.014170944515167433
2015-11-18,0.0002515854554813755
2015-11-19,0.0032482318740108236
2015-11-20,0.002586396897031081
2015-11-23,-0.004793525550908047
2015-11-24,-0.009214079900666404
2015-11-25,0.009471275808023134
2015-11-26,0.006123330964846994
2015-11-27,0.0028246596656009357
2015-11-30,0.00897200920290864
2015-12-01,0.005501355556369436
2015-12-02,0.002115704675077585
2015-12-03,-0.009271566646803335
2015-12-04,-0.0014384848584534816
2015-12-07,-0.0006221110847763809
2015-12-08,-0.009505641723415467
2015-12-09,-0.0030292637485513025
2015-12-10,-0.0034833032884761775
2015-12-11,-0.011956228291430124
2015-12-14,-0.006222990769311036
2015-12-15,0.01344321210107965
2015-12-16,0.004478344192821398
2015-12-17,0.0059206546170524725
2015-12-18,-0.00416533412385419
2015-12-21,-0.0016967601422220417
2015-12-22,0.005215592722164326
2015-12-23,0.013062314397372245
2015-12-24,0.0013330204950331784
2015-12-29,0.008821151183839054
2015-12-30,-0.0028328572500451155
2015-12-31,-0.005144487661858886
2016-01-04,-0.017805608316874798
2016-01-05,0.0048242177468679
2016-01-06,-0.008522115551061265
2016-01-07,-0.01576347734201747
2016-01-08,-0.0035496043386606777
2016-01-11,-0.004456204403310601
2016-01-12,0.0017752917039291897
2016-01-13,0.000473308260927197
2016-01-14,-0.01706520820378877
2016-01-15,-0.01551587243033643
2016-01-18,-0.012565767958689824
2016-01-19,0.00971528013767699
2016-01-20,-0.029829997432007743
2016-01-21,0.012238567973180405
2016-01-22,0.018422652223673168
2016-01-25,0.001177382010525846
2016-01-26,0.0019798311237155873
2016-01-27,0.006284678726177753
2016-01-28,-0.005197464199129054
2016-01-29,0.017813281437622897
2016-02-01,9.713209214058388e-05
2016-02-02,-0.011565018362060718
2016-02-03,-0.019033080900742252
2016-02-04,0.005879221960068347
2016-02-05,-0.005260406073814139
2016-02-08,-0.03202146636170475
2016-02-09,-0.011754163871386376
2016-02-10,0.012689331060353488
2016-02-11,-0.021746445938819598
2016-02-12,0.01649819703550186
2016-02-15,0.019050995008556067
2016-02-16,-0.0016417106344899359
2016-02-17,0.028502868391065143
2016-02-18,0.0012680505732258344
2016-02-19,-0.001156657217818042
2016-02-22,0.008056295336973274
2016-02-23,-0.003665642174261162
2016-02-24,-0.006906462708020874
2016-02-25,0.017320793252973872
2016-02-26,0.01018633350078845
2016-02-29,0.0021766364317675987
2016-03-01,0.011164289627126907
2016-03-02,-0.0036099506661511588
2016-03-03,0.0009917735195845334
2016-03-04,0.011022513716322164
2016-03-07,-0.005911814844820328
2016-03-08,-0.010595784926602231
2016-03-09,-0.003753908164456316
2016-03-10,-0.012518078966876784
2016-03-11,0.012741129137081217
2016-03-14,0.005875867170499629
2016-03-15,-0.003498503470317104
2016-03-16,0.007068521594241567
2016-03-17,0.005725852742448433
2016-03-18,0.003099280415528401
2016-03-21,-0.002280529610105623
2016-03-22,0.0024343289835752264
2016-03-23,-0.0023276603339981946
2016-03-24,-0.011342094739294277
2016-03-29,0.004899721011188773
2016-03-30,0.012967319861617178
2016-03-31,-0.0028848872221380363
2016-04-01,-0.00488013296019645
2016-04-04,0.00011281865121090745
2016-04-05,-0.007149015458271902
2016-04-06,0.008365210607251277
2016-04-07,-0.009047056280144211
2016-04-08,0.006886525528515603
2016-04-11,-0.003028904974216391
2016-04-12,0.0009829005430071539
2016-04-13,0.014933762916538022
2016-04-14,-0.0027371782136919884
2016-04-15,-0.005343199308450466
2016-04-18,-0.0012425815950751406
2016-04-19,0.009105947142094463
2016-04-20,-0.0015442753938271633
2016-04-21,-0.002270739851711935
2016-04-22,-0.006375059736358479
2016-04-25,0.005567804917447412
2016-04-26,-0.00119130090378651
2016-04-27,0.008122434951023381
2016-04-28,-0.0010072690993110714
2016-04-29,-0.01564338098435061
2016-05-03,-0.004264627801772408
2016-05-04,-0.004234823786422422
2016-05-05,0.00013798032811621248
2016-05-06,-0.000774436777872179
2016-05-09,0.0022977537445610665
2016-05-10,0.0022328118609915475
2016-05-11,-0.00021525416279604805
2016-05-12,-0.003648842358382636
2016-05-13,-0.0005763765635172784
2016-05-16,0.002938567956710955
2016-05-17,0.008692940971392062
2016-05-18,0.0021407402778060958
2016-05-19,-0.008991061490587374
2016-05-20,0.011410967949549869
2016-05-23,0.006455830794366787
2016-05-24,0.006087693294928055
2016-05-25,0.005638955124188834
2016-05-26,-0.002312179112187471
2016-05-27,0.0022948381002233327
2016-05-31,-0.0027661674668138718
2016-06-01,-0.0071949444337499465
2016-06-02,0.0008671198400992653
2016-06-03,-0.0004920537313029009
2016-06-06,0.006651200251430115
2016-06-07,0.0007911993775436861
2016-06-08,-0.0010182322392234323
2016-06-09,-0.003867123397853984
2016-06-10,-0.01674212036701285
2016-06-13,-0.015161102863911157
2016-06-14,-0.02085027770759065
2016-06-15,0.004057723580300505
2016-06-16,-0.016474071009075535
2016-06-17,0.024035174384142696
2016-06-20,0.032182640598015115
2016-06-21,0.0012493546962353626
2016-06-22,0.0037150047898559637
2016-06-23,0.01687214588100212
2016-06-24,-0.0745612012680134
2016-06-27,-0.07217190985600055
2016-06-28,0.03513204460360174
2016-06-29,0.031730001494329155
2016-06-30,0.016620523809139347
2016-07-01,0.011876778778581943
2016-07-04,-0.021411269213321378
2016-07-05,-0.02398753662948513
2016-07-06,-0.004139553184326336
2016-07-07,0.014514698608997541
2016-07-08,0.017396297583716355
2016-07-11,0.03215198294326213
2016-07-12,0.006009490014702553
2016-07-13,-0.0033434349553399224
2016-07-14,0.002206387489794783
2016-07-15,-0.003622183522190076
2016-07-18,0.008358342305344182
2016-07-19,0.002285875484603044
2016-07-20,0.006638134422712535
2016-07-21,0.0016732081849518826
2016-07-22,-0.003755437851605496
2016-07-25,0.006309724671207582
2016-07-26,-0.001282220712231563
2016-07-27,0.01146369223708546
2016-07-28,-0.000787967484802722
2016-07-29,0.0017720827644996235
2016-08-01,-0.008349403918954225
2016-08-02,-0.004455815506837034
2016-08-03,-0.003869658257895708
2016-08-04,0.014438981106750091
2016-08-05,0.012740103916947607
2016-08-08,0.005270752322468103
2016-08-09,0.007359988128758993
2016-08-10,0.0006951023822783923
2016-08-11,0.006077664385709578
2016-08-12,0.0063702407616076885
2016-08-15,0.0004407384232185849
2016-08-16,-0.006760418307297969
2016-08-17,-0.0028003787134891407
2016-08-18,0.006303794620476036
2016-08-19,0.00017342849322790112
2016-08-22,-0.00011190000871691872
2016-08-23,0.006158246960202987
2016-08-24,0.0017889851453188694
2016-08-25,-0.0073430770738605045
2016-08-26,0.0026749773198661416
2016-08-30,-0.004673358748770335
2016-08-31,-0.0064305133059016605
2016-09-01,0.006565001030707285
2016-09-02,0.009306927553783666
2016-09-05,0.0005271554537004885
2016-09-06,-0.0012545094891342624
2016-09-07,0.0031499282214534513
2016-09-08,0.007331800981549475
2016-09-09,-0.01656578551372803
2016-09-12,-0.00920723805925326
2016-09-13,-0.003910537560871424
2016-09-14,-0.001700102415610894
2016-09-15,0.006845080479457981
2016-09-16,0.005606170241412814
2016-09-19,0.002120794678929534
2016-09-20,0.000581080625459144
2016-09-21,0.0018809559709098735
2016-09-22,0.0030009954606114156
2016-09-23,-0.0036034318929209293
2016-09-26,-0.011238371542721086
2016-09-27,-0.005323778892379516
2016-09-28,0.009237611918870283
2016-09-29,0.004072092441872033
2016-09-30,0.0003637757646750925
2016-10-03,0.017312897919005164
2016-10-04,0.008684353321611405
2016-10-05,-0.007749876560557032
2016-10-06,-0.0046590389739132165
2016-10-07,-0.006685015005681665
2016-10-10,-0.0009061424423248747
2016-10-11,0.005231264985737893
2016-10-12,-0.006489063000914904
2016-10-13,-0.004420529449319035
2016-10-14,0.0057505666551140545
2016-10-17,-0.010494088810268245
2016-10-18,0.01128359989680511
2016-10-19,0.0025586103485497618
2016-10-20,-0.005302155037488825
2016-10-21,-0.000607614491720257
2016-10-24,-0.004117890330232547
2016-10-25,-0.0032863554597233106
2016-10-26,-0.007493523482966103
2016-10-27,-0.004975810007254548
2016-10-28,0.003605285056527055
2016-10-31,-0.0057178002547633566
2016-11-01,-0.0011918979096920302
2016-11-02,-0.0034184800067834976
2016-11-03,0.006756997482634811
2016-11-04,-0.017829656829333018
2016-11-07,0.010740438149653099
2016-11-08,-0.0005671563372724722
2016-11-09,0.008173796638539378
2016-11-10,0.0038864745874557173
2016-11-11,-0.012220807565486673
2016-11-14,0.0015694407912804013
2016-11-15,0.005746786085923095
2016-11-16,-0.005655239640038077
2016-11-17,0.007235997417887562
2016-11-18,0.0033067905022954058
2016-11-21,-0.007480090679444383
2016-11-22,0.008606369724479047
2016-11-23,-0.0032066341752266486
2016-11-24,-0.0018118484146947935
2016-11-25,0.0007274411441996493
2016-11-28,-0.004845993962307768
2016-11-29,0.0007873706824515877
2016-11-30,0.0007811854426397866
2016-12-01,-0.002768021596519781
2016-12-02,-0.0035496964055676122
2016-12-05,0.001524455465375092
2016-12-06,-0.0005614241569245083
2016-12-07,0.009886754225726609
2016-12-08,0.0032004558933406368
2016-12-09,0.002885754686558056
2016-12-12,-0.005195896479923949
2016-12-13,0.004208554105883148
2016-12-14,-0.0018757686018593892
2016-12-15,0.004908082113174398
2016-12-16,0.0008663050261598218
2016-12-19,-0.0001349777631951033
2016-12-20,-0.0007031893993016477
2016-12-21,-0.0013796872529555973
2016-12-22,0.008204957709286004
2016-12-23,0.0010055529931678093
2016-12-28,0.005745799538898615
2016-12-29,0.000926645612680644
2016-12-30,0.0026477454740691324
2017-01-03,0.0035009388841985255
2017-01-04,0.0005842369007800688
2017-01-05,0.008606777714505192
2017-01-06,0.0018008485991756462
2017-01-09,0.002091479806994294
2017-01-10,0.0018319393656003608
2017-01-11,-0.0010433322328117721
2017-01-12,-0.004937641393976678
2017-01-13,0.0037300462545687544
2017-01-16,-0.003500650940674598
2017-01-17,-0.003649885999837134
2017-01-18,0.003928503852296909
2017-01-19,-0.0048774096663491
2017-01-20,-0.004008221974068711
2017-01-23,-0.001919154222689212
2017-01-24,-0.0008449572981744574
2017-01-25,0.0018049948035647565
2017-01-26,0.0005126696876896951
2017-01-27,0.00264778183232148
2017-01-30,-0.006010063982308068
2017-01-31,0.00364343355509832
2017-02-01,0.005078522374972783
2017-02-02,0.0010411131432063365
2017-02-03,0.008317269858168028
2017-02-06,-0.0018646195980175952
2017-02-07,0.009870851269934339
2017-02-08,0.002496941607382288
2017-02-09,0.001154867920228301
2017-02-10,0.004702404361832397
2017-02-13,0.002316282064566134
2017-02-14,0.0015287377846606818
2017-02-15,0.0021108361526190602
2017-02-16,-0.006474342748285506
2017-02-17,9.626448895020767e-05
2017-02-20,0.002066510562598956
2017-02-21,0.0013859868888268343
2017-02-22,-0.0050520864488013545
2017-02-23,-0.001827364103462176
2017-02-24,-0.0029490912943768424
2017-02-27,0.004428384369846638
2017-02-28,0.005320248888846204
2017-03-01,0.011246739972550126
2017-03-02,-0.0016923973915742698
2017-03-03,-0.00359467311338743
2017-03-06,-7.944010453038586e-05
2017-03-07,0.00023830138390675088
2017-03-08,0.002390419138099222
2017-03-09,-0.002093966266376581
2017-03-10,0.003693268909830207
2017-03-13,0.0035692461187311775
2017-03-14,-0.0041126437582152614
2017-03-15,0.0006804883149836601
2017-03-16,0.003316578018391863
2017-03-17,0.0035622810895060476
2017-03-20,0.002975442632230214
2017-03-21,-0.008589546090928504
2017-03-22,-0.008201839577423738
2017-03-23,0.008954704473536175
2017-03-24,-0.0011531772294371653
2017-03-27,-0.0042449662901503605
2017-03-28,0.002816178001742141
2017-03-29,0.001339156453425604
2017-03-30,0.0017478629276143456
2017-03-31,-0.002111412160218833
2017-04-03,-0.0009282056512019353
2017-04-04,0.003470792552535006
2017-04-05,0.0025834588486838552
2017-04-06,0.002974120936628651
2017-04-07,0.005402044252907327
2017-04-10,0.0018132763162383592
2017-04-11,0.0021726322314538364
2017-04-12,0.0060624599287826975
2017-04-13,0.005206813832484539
2017-04-18,-0.011714798594199825
2017-04-19,0.006193909464232809
2017-04-20,-0.002010486051147884
2017-04-21,-0.001053271371902606
2017-04-24,0.012545999046563457
2017-04-25,-0.0010463161279573013
2017-04-26,0.004915816953084583
2017-04-27,-0.0021468018976593165
2017-04-28,-0.0010801600331792342
2017-05-02,0.009634626171136062
2017-05-03,-0.006173957320511492
2017-05-04,-0.00013207987467742574
2017-05-05,0.0009547302397371552
2017-05-08,0.0015267639099075228
2017-05-09,0.004415080134977123
2017-05-10,0.003013106596815278
2017-05-11,-0.0040885588494076535
2017-05-12,-0.0016532002741860663
2017-05-15,-0.0006073796815766991
2017-05-16,0.006303839210495676
2017-05-17,-0.0051602672547390056
2017-05-18,-0.004155565897358033
2017-05-19,0.0061361038751565206
2017-05-22,0.005024444667428252
2017-05-23,0.00037657503687831624
2017-05-24,0.0015249530638684764
2017-05-25,0.0008567346936978796
2017-05-26,0.0028655783189661765
2017-05-30,-0.0016493076326108923
2017-05-31,-0.0009859435675268918
2017-06-01,0.001920846141715614
2017-06-02,-0.0003898108207560323
2017-06-05,-0.006726712973395529
2017-06-06,-0.010823966795784908
2017-06-07,0.00208888904622991
2017-06-08,0.0024087659783986835
2017-06-09,0.0013463591151404736
2017-06-12,-0.004425599539074864
2017-06-13,0.008942444423013564
2017-06-14,0.00578395158764685
2017-06-15,-0.02130194677188695
2017-06-16,0.013345410521831826
2017-06-19,0.002867264198390658
2017-06-20,-0.005125578758271928
2017-06-21,-0.004516605971401098
2017-06-22,-0.0012302291147684157
2017-06-23,0.0013572367912633799
2017-06-26,-2.540024485572821e-05
2017-06-27,-0.008048663318098944
2017-06-28,-0.0025844247222667695
2017-06-29,-0.006697120417588569
2017-06-30,-0.00032058500828325523
2017-07-03,-0.0010242381161130565
2017-07-04,-0.0009787396240274345
2017-07-05,0.007725911556739557
2017-07-06,-0.004229732086279144
2017-07-07,0.001341444137779702
2017-07-10,-0.0019456412176037227
2017-07-11,-0.007362734289792294
2017-07-12,0.0027284578767311704
2017-07-13,0.007775441568527117
2017-07-14,-0.0005099784705245594
2017-07-17,0.005764316032946588
2017-07-18,0.00474272781728832
2017-07-19,0.004095936935057198
2017-07-20,0.003548098071856101
2017-07-21,-0.000642851590301576
2017-07-24,-0.00685331633918591
2017-07-25,0.0012736388563977154
2017-07-26,0.00616175117227142
2017-07-27,0.005887756206246019
2017-07-28,-0.007634994691160379
2017-07-31,0.002677871984897008
2017-08-01,0.004161974776690066
2017-08-02,-0.0011182078359470169
2017-08-03,0.003360984345130315
2017-08-04,0.003084417743515153
2017-08-07,0.0009410225187804326
2017-08-08,-0.0019530278129366767
2017-08-09,-0.0037414198247616463
2017-08-10,-0.008874462283780122
2017-08-11,-0.00787889188789627
2017-08-14,0.007528546226623079
2017-08-15,0.00011682858215621261
2017-08-16,0.008312655314920377
2017-08-17,-0.004344928120382662
2017-08-18,-0.007441714503407023
2017-08-21,0.001038891069116998
2017-08-22,0.005294624502713089
2017-08-23,-0.0004051207475447733
2017-08-24,-0.0016677073073309578
2017-08-25,-0.001980620960140407
2017-08-29,-0.007316528196574495
2017-08-30,0.004531894419862617
2017-08-31,0.009487592981705283
2017-09-01,-0.0008790341078005331
2017-09-04,-0.004472634614746052
2017-09-05,0.001466106016921134
2017-09-06,-0.0037837373594919003
2017-09-07,0.002256649792445405
2017-09-08,-0.0043910116820166985
2017-09-11,0.004269235768586409
2017-09-12,-0.0014431021543684327
2017-09-13,-0.00386695933351634
2017-09-14,-0.0033798558383859797
2017-09-15,-0.007490693541877194
2017-09-18,0.0030761060257108886
2017-09-19,0.0050085346633318645
2017-09-20,0.00027130414990847316
2017-09-21,-0.006288666771000289
2017-09-22,0.005090434762219011
2017-09-25,0.0025074340106830437
2017-09-26,-0.003235314804118227
2017-09-27,0.003393717158506102
2017-09-28,0.005554437435630499
2017-09-29,0.009925967698195945
2017-10-02,0.004132313267968441
2017-10-03,0.003915778273470464
2017-10-04,-0.0002995147824453193
2017-10-05,0.0029462983631536716
2017-10-06,0.003875299844324588
2017-10-09,-0.0031736713698387866
2017-10-10,0.002171546980117799
2017-10-11,0.0010666243922129897
2017-10-12,0.0041267006038681305
2017-10-13,0.0004098068671363586
2017-10-16,-0.0020950577144857297
2017-10-17,-0.004267846114044758
2017-10-18,0.006377750148393048
2017-10-19,-0.006352913141251193
2017-10-20,0.0007646972683180249
2017-10-23,-0.0007597493444886024
2017-10-24,-0.0009144233512379495
2017-10-25,-0.001985664370348563
2017-10-26,0.004478486423768729
2017-10-27,-0.000858397266765153
2017-10-30,0.0033301403553436543
2017-10-31,0.0007220166358160992
2017-11-01,0.0049461873095920025
2017-11-02,0.002814817625679881
2017-11-03,0.004253792820037481
2017-11-06,-0.0019460111874014686
2017-11-07,-0.006161086085273425
2017-11-08,-0.00033985962575964075
2017-11-09,-0.011309853282684775
2017-11-10,-0.002544099015986787
2017-11-13,-0.011706087906969906
2017-11-14,0.002962028619864892
2017-11-15,-0.007749114080320749
2017-11-16,0.007920433068182652
2017-11-17,-0.0026331472556632637
2017-11-20,0.0037056591257619695
2017-11-21,0.0036518272179585816
2017-11-22,0.0034987054497617885
2017-11-23,-0.0003898441453671433
2017-11-24,-0.0030687106237813904
2017-11-27,-0.003188866161584743
2017-11-28,0.007261746500938028
2017-11-29,0.0016664454410765734
2017-11-30,-0.0053333069247880685
2017-12-01,-0.0049488510448136465
2017-12-04,0.004101477892344538
2017-12-05,-0.0032607473926089944
2017-12-06,-0.002125906027365092
2017-12-07,-0.0009384452859872765
2017-12-08,0.009155159324826734
2017-12-11,0.0035998456173300733
2017-12-12,0.0004185796275516173
2017-12-13,-0.0005780382706646646
2017-12-14,-0.0027503271960193617
2017-12-15,0.002112043392250124
2017-12-18,0.01026213756060398
2017-12-19,0.004241690259013106
2017-12-20,0.0004325579708077009
2017-12-21,0.003551296867485213
2017-12-22,0.0028555015416986775
2017-12-27,0.007728450019397721
2017-12-28,0.00011146574724954854
2017-12-29,0.0040610565633128785
2018-01-02,-0.0021638820650188764
2018-01-03,0.003012665525637652
2018-01-04,0.003685831883751973
2018-01-05,0.005369655415901124
2018-01-08,-0.0036373074962354765
2018-01-09,0.0008818445489583316
2018-01-10,-0.005524212439231235
2018-01-11,-0.0010650954027155467
2018-01-12,0.005841741807429425
2018-01-15,-0.0012759994548817407
2018-01-16,0.0021337764818129376
2018-01-17,-0.005181713269825715
2018-01-18,-0.005039320495811505
2018-01-19,-0.000566297202036159
2018-01-22,9.19151022833546e-05
2018-01-23,0.0007743235028637741
2018-01-24,-0.006440215770671388
2018-01-25,-0.0008183487906675281
2018-01-26,0.004565227002438704
2018-01-29,-0.0018303484421044445
2018-01-30,-0.010110272305971226
2018-01-31,-0.006268756140352882
2018-02-01,-0.0028741500519093768
2018-02-02,-0.011109011326437879
2018-02-05,-0.013719227611696081
2018-02-06,-0.0219709141414769
2018-02-07,0.02203181570483084
2018-02-08,-0.01865792780528473
2018-02-09,-0.00571793744635404
2018-02-12,0.008384204171728244
2018-02-13,-0.0030595418770456525
2018-02-14,0.006618840019304234
2018-02-15,0.006478240066876846
2018-02-16,0.008079682227124983
2018-02-19,-0.0040622390826812555
2018-02-20,0.007567903581243734
2018-02-21,-0.0007072171665476012
2018-02-22,-0.002671767876491948
2018-02-23,0.003288045680791234
2018-02-26,0.0013928717608104268
2018-02-27,0.0023726068629797243
2018-02-28,-0.009529153122208176
2018-03-01,-0.006911598272583089
2018-03-02,-0.008485251668116886
2018-03-05,0.00926752624962692
2018-03-06,0.00628169457638682
2018-03-07,0.004251849834385023
2018-03-08,0.009752973980283597
2018-03-09,0.005847235003267422
2018-03-12,0.0016118558478663413
2018-03-13,-0.012721348837090907
2018-03-14,-0.0021721796117963547
2018-03-15,0.0004187185578912994
2018-03-16,-0.0011858715923607909
2018-03-19,-0.005574720377295612
2018-03-20,0.0014611873116902477
2018-03-21,-0.002822918939495977
2018-03-22,-0.014034345772876393
2018-03-23,-0.003843655244519777
2018-03-26,-0.006876790666448979
2018-03-27,0.010472874486657997
2018-03-28,-0.0016776059422100133
2018-03-29,0.005353343748214716
2018-04-03,-0.003216802187159436
2018-04-04,-0.006921557393533946
2018-04-05,0.016066092193954735
2018-04-06,-0.002352557282368881
2018-04-09,-0.00234778004238147
2018-04-10,0.009760041494151587
2018-04-11,-0.0010424480673493618
2018-04-12,0.00598057420614749
2018-04-13,0.003312161079856195
2018-04-16,-0.003382987321334088
2018-04-17,0.00292419774865668
2018-04-18,0.009166389038808773
2018-04-19,0.006733188517722991
2018-04-20,0.0036465340892757082
2018-04-23,0.004716644654435262
2018-04-24,-0.005978518135441659
2018-04-25,-0.008763144432955469
2018-04-26,0.005901896633688451
2018-04-27,0.006632177512292405
2018-04-30,0.0006657346755852289
2018-05-01,0.003110801568874312
2018-05-02,0.007734785393925283
2018-05-03,-0.006870241329955102
2018-05-04,0.00274592079565048
2018-05-08,0.00842584963598625
2018-05-09,0.004230033557740716
2018-05-10,0.0008409764525256119
2018-05-11,0.004155687250963649
2018-05-14,0.0007406420084185688
2018-05-15,-0.000774282149868058
2018-05-16,0.0021099015792692337
2018-05-17,0.009109157477762881
2018-05-18,-0.0014091967210814581
2018-05-21,0.007021496416022058
2018-05-22,0.0025373183545682266
2018-05-23,-0.00883969499574473
2018-05-24,-0.0007334497538783141
2018-05-25,0.005748234355121806
2018-05-29,-0.017378491463860037
2018-05-30,0.0036516446836750626
2018-05-31,0.0011328116836936601
2018-06-01,0.006626638139850171
2018-06-04,0.005972115420912384
2018-06-05,-0.0027844296080553545
2018-06-06,0.005660396835617187
2018-06-07,-0.0007891666322152741
2018-06-08,0.00027417010404932505
2018-06-11,0.007453112980865883
2018-06-12,-0.003627844467554201
2018-06-13,-0.00040962077819099913
2018-06-14,0.004281315024864152
2018-06-15,-0.015048890766251773
2018-06-18,-0.0002809368728405791
2018-06-19,-0.007830672760343039
2018-06-20,0.004338839858284144
2018-06-21,-0.009473047098516825
2018-06-22,0.013455282478893505
2018-06-25,-0.011272295538523817
2018-06-26,-0.0008283414566418817
2018-06-27,0.004177779034228489
2018-06-28,-0.0077008298123398015
2018-06-29,0.00707217577531498
2018-07-02,-0.010864800289177905
2018-07-03,0.002873626799014244
2018-07-04,-0.0006147108570907043
2018-07-05,-0.0015215729657854934
2018-07-06,-0.00013573563644414855
2018-07-09,0.0097925920393421
2018-07-10,0.0014590042844562525
2018-07-11,-0.010088258815480542
2018-07-12,0.006638992221684219
2018-07-13,0.001601178803425041
2018-07-16,-0.0006007637201512009
2018-07-17,0.0033932332843096395
2018-07-18,0.005394689410172228
2018-07-19,-0.003676176474817358
2018-07-20,0.0008844714039439599
2018-07-23,-0.007449116233809348
2018-07-24,0.003964130978924419
2018-07-25,-0.004773339252057469
2018-07-26,0.0007225051146010893
2018-07-27,0.0048178192859758915
2018-07-30,0.00045034831174305703
2018-07-31,-1.9177540761593442e-05
2018-08-01,-0.003666102462095897
2018-08-02,-0.012212821533965166
2018-08-03,0.004190961406632032
2018-08-06,0.00019864998520077718
2018-08-07,0.0017523528022848217
2018-08-08,0.00458426433126396
2018-08-09,0.001712475182230027
2018-08-10,-0.006688563520651248
2018-08-13,-0.004480830311383558
2018-08-14,-0.0031787290458290774
2018-08-15,-0.00927753200828493
2018-08-16,0.006958880073474194
2018-08-17,-0.0008751813886113967
2018-08-20,0.004236616853991681
2018-08-21,0.005425811224506226
2018-08-22,-1.939623311016272e-05
2018-08-23,0.0011135858611798202
2018-08-24,0.0012525307151396547
2018-08-28,0.007597366846905002
2018-08-29,-0.005400799889708972
2018-08-30,-0.0021772165631387765
2018-08-31,-0.00013536621821716387
2018-09-03,0.0003334738333940136
2018-09-04,-0.007142838803965793
2018-09-05,-0.007821776684014034
2018-09-06,-0.005163268748483377
2018-09-07,-0.0036500279496489317
2018-09-10,0.00248094595619622
2018-09-11,-0.0016499645427633198
2018-09-12,0.007589860228029786
2018-09-13,-0.0067398864308727165
2018-09-14,0.006514174181977283
2018-09-17,-7.361908854265108e-05
2018-09-18,0.004109476291866848
2018-09-19,0.002060569786048223
2018-09-20,0.0024749612058235703
2018-09-21,0.0019007294318315183
2018-09-24,-0.004980756003219918
2018-09-25,-0.0013187072972290577
2018-09-26,-0.0012029856312653258
2018-09-27,-0.003053161589431019
2018-09-28,-0.0033037020127572305
2018-10-01,0.004628030160649468
2018-10-02,-0.006703339627526716
2018-10-03,0.0017305413200386604
2018-10-04,-0.010463457014980946
2018-10-05,-0.008533583523312962
2018-10-08,-0.013745020058130006
2018-10-09,-0.00492401956854275
2018-10-10,-0.0160049821584672
2018-10-11,-0.021615281224501248
2018-10-12,0.007708726273762622
2018-10-15,-0.009000246052423215
2018-10-16,0.018254491358038447
2018-10-17,-0.007121964142345759
2018-10-18,-0.002770195572466358
2018-10-19,-0.008771872177099852
2018-10-22,-0.0020025336883224797
2018-10-23,-0.021886960414426733
2018-10-24,0.0029598750180517305
2018-10-25,0.00676812372955125
2018-10-26,-0.009684365387018562
2018-10-29,0.011587460200574938
2018-10-30,0.005419634181701118
2018-10-31,0.013303234627453787
2018-11-01,0.013347735263903154
2018-11-02,0.007990090182983441
2018-11-05,-0.013649813676769
2018-11-06,-0.0010496650338978496
2018-11-07,0.005420152843746049
2018-11-08,0.005723353581599175
2018-11-09,-0.00784599895866586
2018-11-12,-0.01556012458971183
2018-11-13,0.009212343000738222
2018-11-14,-0.00398987286203277
2018-11-15,-0.01319610435006775
2018-11-16,-0.003924679434258391
2018-11-19,-0.0026394336251798997
2018-11-20,-0.009413003199671938
2018-11-21,0.011826514472247404
2018-11-22,-0.0029584037725315666
2018-11-23,0.00016188651790465027
2018-11-26,0.009991445287740033
2018-11-27,-0.0031139254027575387
2018-11-28,-0.0011367739060570794
2018-11-29,-0.0016483381350084563
2018-11-30,-0.006912937065646887
2018-12-03,0.004486458043068608
2018-12-04,-0.012701637483644564
2018-12-05,-0.003196662963529451
2018-12-06,-0.028749097049196592
2018-12-07,0.00510144134382038
