Ticker,Sector
3IN.L,Financial Services
FOUR.L,Media
ABDN.L,Financial Services
ASL.L,Investment Trusts
AAS.L,Investment Trusts
ALFA.L,Software and Computer Services
ATT.L,Investment Trusts
ALPH.L,Financial Services
AEP.L,Food Producers
AO.L,Retail
ASHM.L,Financial Services
AIE.L,Investment Trusts
AML.L,Automobiles & Parts
ATYM.L,Industrial Metals and Mining
AGT.L,Investment Trusts
AVON.L,Industrial Goods and Services
BME.L,Retailers
BGFD.L,Investment Trusts
USA.L,Investment Trusts
BAKK.L,Food & Tobacco
BBY.L,Construction & Materials
BCG.L,Consumer Digital Services
BNKR.L,Investment Trusts
BAG.L,Beverages
AJB.L,Financial Services
BWY.L,Home Construction
BHMG.L,Hedge Funds
BYG.L,Real Estate Investment Trusts
BPCR.L,Investment Trusts
BRGE.L,Investment Trusts
BRSC.L,Equity Investments
THRG.L,Equity Investments
BRWM.L,Investment Trusts
BSIF.L,Investment Trusts
BOY.L,Industrial Engineering
BREE.L,Construction & Materials
BPT.L,Financial Services
BLND.L,Real Estate
BUT.L,Investment Trusts
BYIT.L,Aerospace & Defence
CCR.L,Food & Tobacco
CLDN.L,Investment Trusts
CGT.L,Investment Trusts
CCL.L,Travel & Leisure
CHG.L,Aerospace & Defence
CSN.L,Life Insurance
CHRY.L,Investment Trusts
CTY.L,Investment Trusts
CKN.L,Industrial Transportation
CBG.L,Financial Services
CMCX.L,Financial Services
COA.L,Consumer Staples
CCC.L,Software & Computer Services
CWK.L,Food Producers
CURY.L,Retailers
DLN.L,Real Estate Investment Trusts
DSCV.L,Support Services
DEC.L,Energy
DOM.L,Travel & Leisure
DWL.L,Automobiles & Parts
DRX.L,Electricity
DOCS.L,Retailers
DNLM.L,Retailers
EDIN.L,Investment Trusts
EWI.L,Investment Trusts
ELM.L,Chemicals
ESP.L,Real estate
ENOG.L,Oil & Gas Producers
EOT.L,Investment Trusts
ESCT.L,Investment Trusts
FCSS.L,Investment Trusts
FEML.L,Investment Trusts
FEV.L,Investment Trusts
FSV.L,Investment Trusts
FGT.L,Equity Investments
FGP.L,Travel & Leisure
FGEN.L,Investment Trusts
FSG.L,Investment Banking and Brokerage Services
FSFL.L,Collective Investments
FRAS.L,Retailers
GFRD.L,Construction
FUTR.L,Media
GAMA.L,Telecommunications
GCP.L,General Financial
GEN.L,Construction & Materials
GNS.L,Pharmaceuticals & Biotechnology
GSCT.L,Investment Trusts
GDWN.L,General Industrials
GFTU.L,Support Services
GRI.L,Real Estate Investment & Services
GPE.L,Real Estate Investment Trusts
UKW.L,"Gas, Water & Multiutilities"
GNC.L,"Food, Beverage and Tobacco"
GRG.L,Food & Drug Retailers
HMSO.L,Real Estate Investment Trusts
HBR.L,Oil & Gas Producers
HVPE.L,Equity Investments
HWG.L,Real Estate
HAS.L,Support Services
HTWS.L,Telecomms
HSL.L,Investment Trusts
HRI.L,Investment Trusts
HGT.L,Investment Trusts
HICL.L,Investment Trusts
HILS.L,Industrial Engineering
HFG.L,Food Producers
HOC.L,Basic Resources
BOWL.L,Travel and leisure
HTG.L,"Oil, Gas and Coal"
IBST.L,Construction & Materials
ICGT.L,Investment Trusts
IGG.L,Financial Services
IEM.L,Investment Trusts
INCH.L,Retailers
IHP.L,Financial Services
IPF.L,Financial Services
INPP.L,Financial Services
IWG.L,Support Services
IAD.L,Investment Trusts
INVP.L,Financial Services
IPO.L,Financial Services
ITH.L,Oil & Gas Producers
ITV.L,Media
JMAT.L,Chemicals
JSG.L,Industrial Support Services
JAM.L,Investment Trusts
JMG.L,Investment Trusts
JEDT.L,Investment Trusts
JEGI.L,Investment Trusts
JGGI.L,Investment Trusts
JII.L,Investment Trusts
JFJ.L,Investment Trusts
JTC.L,Financial Services
JUP.L,Financial Services
JUST.L,Life Insurance
KNOS.L,Software & Computer Services
KLR.L,Construction & Materials
KIE.L,Construction & Materials
LRE.L,Nonlife Insurance
LWDB.L,Investment Trusts
BGEO.L,Banking Services
EMG.L,Investment Trusts
MSLH.L,Construction & Materials
MEGP.L,Leisure Goods
MRC.L,Collective Investments
MRCH.L,Investment Trusts
MTRO.L,Banks
MAB.L,Travel & Leisure
MTO.L,Support Services
GROW.L,Financial Services
MNKS.L,Investment Trusts
MONY.L,Media
MOON.L,Retailers
MGAM.L,Electronic & Electrical Equipment
MGNS.L,Construction & Materials
MUT.L,Investment Trusts
MYI.L,Investment Trusts
NBPE.L,Collective Investments
NCC.L,Software and Computer Services
N91.L,Financial Services
NAS.L,Investment Trusts
OCI.L,Investment Trusts
OCDO.L,Food & drug retailers
OSB.L,Banks
OXB.L,Pharmaceuticals and Biotechnology
OXIG.L,Electronic & Electrical Equipment
ONT.L,Health Care
PHI.L,Investment Trusts
PAGE.L,Support Services
PINT.L,Investment Trusts
PIN.L,Equity Investments
PAG.L,Financial Services
PEY.L,Investment Trusts
PPET.L,Financial Services
PAY.L,Industrial Support Services
PNN.L,"Gas, Water & Multiutilities"
PNL.L,Investment Trusts
PHLL.L,Investment Trusts
PETS.L,Retailers
PINE.L,Software & Computer Services
PTEC.L,Software & Computer Services
PLUS.L,Financial Services
POLN.L,Financial Services
PPH.L,Travel and Leisure
PFD.L,Food & Drug Retailers
PHP.L,Real Estate Investment Trusts
PRSR.L,Real Estate Investment Trusts
QQ.L,Aerospace & Defence
QLT.L,Financial Services
RNK.L,Travel and Leisure
RPI.L,Technology
RAT.L,Financial Services
RSW.L,Electronic & Electrical Equipment
RHIM.L,Support Services
RCP.L,Investment Trusts
ROR.L,Industrial Engineering
RS1.L,Industrials
RICA.L,Investment Trusts
SAFE.L,Real Estate Investment Trusts
SVS.L,Real Estate Investment & Services
ATR.L,Investment Trusts
SDP.L,Investment Trusts
SOI.L,Financial Services
SAIN.L,Investment Trusts
SEIT.L,Energy
SNR.L,Aerospace & Defence
SEQI.L,Financial Services
SRP.L,Support Services
SHC.L,Real Estate Investment Trusts
SRE.L,Real Estate
SSON.L,Investment Trusts
SCT.L,Software & Computer Services
SXS.L,Electronic & Electrical Equipment
SPI.L,Health Care Equipment & Services
SSPG.L,Retailers
SUPR.L,Real Estate Investment Trusts
SYNC.L,Pharmaceuticals & Biotechnology
THRL.L,Real Estate Investment Trusts
TATE.L,Food Producers
TW.L,Household goods & home construction
TBCG.L,Banks
TEP.L,Telecomms
TMPL.L,Collective Investments
TEM.L,Investment Trusts
TRIG.L,Investment Trusts
THG.L,Personal Products
TCAP.L,Support Services
TRN.L,Industrial Transportation
TPK.L,Support Services
BBOX.L,Real Estate Investment Trusts
TRY.L,Investment Trusts
TRST.L,Technology
TFIF.L,Investment Trusts
UTG.L,Real estate investment trusts
VSVS.L,General Industrials
VCT.L,Chemicals
VEIL.L,General Financial
VOF.L,General Financial
VTY.L,Home Construction
FAN.L,Construction & Materials
WPS.L,Financial Services
WOSG.L,Personal Goods
JDW.L,Travel & Leisure
SMWH.L,Retailers
WIX.L,Retailers
WIZZ.L,Travel & Leisure
WKP.L,Real Estate Investment Trusts
WWH.L,Investment Trusts
XPS.L,Financial Services
ZIG.L,Support Services
